Data Sessão,PL,Autor,Status,Votos,Presentes,Fonte
2024-02-23,247/2025,Bruninho Almeida,Não identificado,N/A,"Amanda, André do Gás, Cacau Repórter, Caio Perfister, Calé, Dudu do Resgate, Diego Barbosa, Fabinho Filé, Fidel Faria, Igor Faraco, João Miguel, Luciano Santos, Márcia Valentim, Marcos Rangel, Maurício Lopes, Paulinho Nogueira, Totó, Vitinho Nogueira",video-JPVf0YsX_6A-ytranscript.txt
2024-02-23,237/2025,Bruninho Almeida,Não identificado,N/A,"Amanda, André do Gás, Cacau Repórter, Caio Perfister, Calé, Dudu do Resgate, Diego Barbosa, Fabinho Filé, Fidel Faria, Igor Faraco, João Miguel, Luciano Santos, Márcia Valentim, Marcos Rangel, Maurício Lopes, Paulinho Nogueira, Totó, Vitinho Nogueira",video-JPVf0YsX_6A-ytranscript.txt
2024-02-23,236/2025,Caio Perfister,Não identificado,N/A,"Amanda, André do Gás, Cacau Repórter, Caio Perfister, Calé, Dudu do Resgate, Diego Barbosa, Fabinho Filé, Fidel Faria, Igor Faraco, João Miguel, Luciano Santos, Márcia Valentim, Marcos Rangel, Maurício Lopes, Paulinho Nogueira, Totó, Vitinho Nogueira",video-JPVf0YsX_6A-ytranscript.txt
2024-02-23,246/2025,Caio Perfister,Não identificado,N/A,"Amanda, André do Gás, Cacau Repórter, Caio Perfister, Calé, Dudu do Resgate, Diego Barbosa, Fabinho Filé, Fidel Faria, Igor Faraco, João Miguel, Luciano Santos, Márcia Valentim, Marcos Rangel, Maurício Lopes, Paulinho Nogueira, Totó, Vitinho Nogueira",video-JPVf0YsX_6A-ytranscript.txt
2024-02-23,226/2025,Caio Perfister,Não identificado,N/A,"Amanda, André do Gás, Cacau Repórter, Caio Perfister, Calé, Dudu do Resgate, Diego Barbosa, Fabinho Filé, Fidel Faria, Igor Faraco, João Miguel, Luciano Santos, Márcia Valentim, Marcos Rangel, Maurício Lopes, Paulinho Nogueira, Totó, Vitinho Nogueira",video-JPVf0YsX_6A-ytranscript.txt
2024-02-23,215/2025,Caio Perfister,Não identificado,N/A,"Amanda, André do Gás, Cacau Repórter, Caio Perfister, Calé, Dudu do Resgate, Diego Barbosa, Fabinho Filé, Fidel Faria, Igor Faraco, João Miguel, Luciano Santos, Márcia Valentim, Marcos Rangel, Maurício Lopes, Paulinho Nogueira, Totó, Vitinho Nogueira",video-JPVf0YsX_6A-ytranscript.txt
2024-02-23,265/2025,Maurício Lopes,Aprovado (Votação Simbólica),N/A,"Amanda, André do Gás, Cacau Repórter, Caio Perfister, Calé, Dudu do Resgate, Diego Barbosa, Fabinho Filé, Fidel Faria, Igor Faraco, João Miguel, Luciano Santos, Márcia Valentim, Marcos Rangel, Maurício Lopes, Paulinho Nogueira, Totó, Vitinho Nogueira",video-JPVf0YsX_6A-ytranscript.txt
2024-02-23,263/2025,Marcos Rangel,Aprovado (Votação Simbólica),N/A,"Amanda, André do Gás, Cacau Repórter, Caio Perfister, Calé, Dudu do Resgate, Diego Barbosa, Fabinho Filé, Fidel Faria, Igor Faraco, João Miguel, Luciano Santos, Márcia Valentim, Marcos Rangel, Maurício Lopes, Paulinho Nogueira, Totó, Vitinho Nogueira",video-JPVf0YsX_6A-ytranscript.txt
2024-02-23,262/2025,Marcos Rangel,Aprovado (Votação Simbólica),N/A,"Amanda, André do Gás, Cacau Repórter, Caio Perfister, Calé, Dudu do Resgate, Diego Barbosa, Fabinho Filé, Fidel Faria, Igor Faraco, João Miguel, Luciano Santos, Márcia Valentim, Marcos Rangel, Maurício Lopes, Paulinho Nogueira, Totó, Vitinho Nogueira",video-JPVf0YsX_6A-ytranscript.txt
2024-02-23,259/2025,Luciano Santos,Aprovado (Votação Simbólica),N/A,"Amanda, André do Gás, Cacau Repórter, Caio Perfister, Calé, Dudu do Resgate, Diego Barbosa, Fabinho Filé, Fidel Faria, Igor Faraco, João Miguel, Luciano Santos, Márcia Valentim, Marcos Rangel, Maurício Lopes, Paulinho Nogueira, Totó, Vitinho Nogueira",video-JPVf0YsX_6A-ytranscript.txt
2024-02-23,257/2025,Amanda,Aprovado (Votação Simbólica),N/A,"Amanda, André do Gás, Cacau Repórter, Caio Perfister, Calé, Dudu do Resgate, Diego Barbosa, Fabinho Filé, Fidel Faria, Igor Faraco, João Miguel, Luciano Santos, Márcia Valentim, Marcos Rangel, Maurício Lopes, Paulinho Nogueira, Totó, Vitinho Nogueira",video-JPVf0YsX_6A-ytranscript.txt
2024-02-23,256/2025,Amanda,Aprovado (Votação Simbólica),N/A,"Amanda, André do Gás, Cacau Repórter, Caio Perfister, Calé, Dudu do Resgate, Diego Barbosa, Fabinho Filé, Fidel Faria, Igor Faraco, João Miguel, Luciano Santos, Márcia Valentim, Marcos Rangel, Maurício Lopes, Paulinho Nogueira, Totó, Vitinho Nogueira",video-JPVf0YsX_6A-ytranscript.txt
2024-04-05,096/2025,Diego Barbosa,Em Discussão,N/A,"Amanda, André do Gás, Bruninho Almeida, Cacau Repórter, Caio Perfister, Calé, Dudu do Resgate, Diego Barbosa, Fabinho Filé, Fidel Faria, Igor Faraco, João Miguel, Luciano Santos, Márcia Valentim, Marcos Rangel, Maurício Lopes, Paulinho Nogueira, Vitinho Nogueira, Érica Marra",video-cXHvCEWqVIU-ytranscript.txt
2024-04-05,081/2025,Calé,Em Discussão,N/A,"Amanda, André do Gás, Bruninho Almeida, Cacau Repórter, Caio Perfister, Calé, Dudu do Resgate, Diego Barbosa, Fabinho Filé, Fidel Faria, Igor Faraco, João Miguel, Luciano Santos, Márcia Valentim, Marcos Rangel, Maurício Lopes, Paulinho Nogueira, Vitinho Nogueira, Érica Marra",video-cXHvCEWqVIU-ytranscript.txt
2024-04-05,088/2025,Dudu do Resgate,Em Discussão,N/A,"Amanda, André do Gás, Bruninho Almeida, Cacau Repórter, Caio Perfister, Calé, Dudu do Resgate, Diego Barbosa, Fabinho Filé, Fidel Faria, Igor Faraco, João Miguel, Luciano Santos, Márcia Valentim, Marcos Rangel, Maurício Lopes, Paulinho Nogueira, Vitinho Nogueira, Érica Marra",video-cXHvCEWqVIU-ytranscript.txt
2024-04-05,089/2025,Dudu do Resgate,Em Discussão,N/A,"Amanda, André do Gás, Bruninho Almeida, Cacau Repórter, Caio Perfister, Calé, Dudu do Resgate, Diego Barbosa, Fabinho Filé, Fidel Faria, Igor Faraco, João Miguel, Luciano Santos, Márcia Valentim, Marcos Rangel, Maurício Lopes, Paulinho Nogueira, Vitinho Nogueira, Érica Marra",video-cXHvCEWqVIU-ytranscript.txt
2024-04-05,079/2025,Cacau Repórter,Não identificado,N/A,"Amanda, André do Gás, Bruninho Almeida, Cacau Repórter, Caio Perfister, Calé, Dudu do Resgate, Diego Barbosa, Fabinho Filé, Fidel Faria, Igor Faraco, João Miguel, Luciano Santos, Márcia Valentim, Marcos Rangel, Maurício Lopes, Paulinho Nogueira, Vitinho Nogueira, Érica Marra",video-cXHvCEWqVIU-ytranscript.txt
2024-04-05,117/2025,Cacau Repórter,Encaminhado para Comissão,N/A,"Amanda, André do Gás, Bruninho Almeida, Cacau Repórter, Caio Perfister, Calé, Dudu do Resgate, Diego Barbosa, Fabinho Filé, Fidel Faria, Igor Faraco, João Miguel, Luciano Santos, Márcia Valentim, Marcos Rangel, Maurício Lopes, Paulinho Nogueira, Vitinho Nogueira, Érica Marra",video-cXHvCEWqVIU-ytranscript.txt
2024-04-05,116/2025,Cacau Repórter,Em Discussão,N/A,"Amanda, André do Gás, Bruninho Almeida, Cacau Repórter, Caio Perfister, Calé, Dudu do Resgate, Diego Barbosa, Fabinho Filé, Fidel Faria, Igor Faraco, João Miguel, Luciano Santos, Márcia Valentim, Marcos Rangel, Maurício Lopes, Paulinho Nogueira, Vitinho Nogueira, Érica Marra",video-cXHvCEWqVIU-ytranscript.txt
2024-04-05,128/2025,Paulinho Nogueira,Encaminhado para Comissão,N/A,"Amanda, André do Gás, Bruninho Almeida, Cacau Repórter, Caio Perfister, Calé, Dudu do Resgate, Diego Barbosa, Fabinho Filé, Fidel Faria, Igor Faraco, João Miguel, Luciano Santos, Márcia Valentim, Marcos Rangel, Maurício Lopes, Paulinho Nogueira, Vitinho Nogueira, Érica Marra",video-cXHvCEWqVIU-ytranscript.txt
2024-04-05,127/2025,Paulinho Nogueira,Encaminhado para Comissão,N/A,"Amanda, André do Gás, Bruninho Almeida, Cacau Repórter, Caio Perfister, Calé, Dudu do Resgate, Diego Barbosa, Fabinho Filé, Fidel Faria, Igor Faraco, João Miguel, Luciano Santos, Márcia Valentim, Marcos Rangel, Maurício Lopes, Paulinho Nogueira, Vitinho Nogueira, Érica Marra",video-cXHvCEWqVIU-ytranscript.txt
2024-04-05,090/2025,Diego Barbosa,Não identificado,N/A,"Amanda, André do Gás, Bruninho Almeida, Cacau Repórter, Caio Perfister, Calé, Dudu do Resgate, Diego Barbosa, Fabinho Filé, Fidel Faria, Igor Faraco, João Miguel, Luciano Santos, Márcia Valentim, Marcos Rangel, Maurício Lopes, Paulinho Nogueira, Vitinho Nogueira, Érica Marra",video-cXHvCEWqVIU-ytranscript.txt
2024-04-05,126/2025,Márcia Valentim,Encaminhado para Comissão,N/A,"Amanda, André do Gás, Bruninho Almeida, Cacau Repórter, Caio Perfister, Calé, Dudu do Resgate, Diego Barbosa, Fabinho Filé, Fidel Faria, Igor Faraco, João Miguel, Luciano Santos, Márcia Valentim, Marcos Rangel, Maurício Lopes, Paulinho Nogueira, Vitinho Nogueira, Érica Marra",video-cXHvCEWqVIU-ytranscript.txt
2024-04-05,118/2025,Diego Barbosa,Encaminhado para Comissão,N/A,"Amanda, André do Gás, Bruninho Almeida, Cacau Repórter, Caio Perfister, Calé, Dudu do Resgate, Diego Barbosa, Fabinho Filé, Fidel Faria, Igor Faraco, João Miguel, Luciano Santos, Márcia Valentim, Marcos Rangel, Maurício Lopes, Paulinho Nogueira, Vitinho Nogueira, Érica Marra",video-cXHvCEWqVIU-ytranscript.txt
2025-03-08,08/2025,Érica Marra,Não identificado,N/A,"Amanda, André do Gás, Cacau Repórter, Caio Perfister, Calé, Dudu do Resgate, Fabinho Filé, Fidel Faria, Igor Faraco, João Miguel, Luciano Santos, Márcia Valentim, Marcos Rangel, Maurício Lopes, Paulinho Nogueira, Vitinho Nogueira",video-KOFfnMQI7aA-ytranscript.txt
2025-03-08,21/2025,Dudu do Resgate,Em Discussão,N/A,"Amanda, André do Gás, Cacau Repórter, Caio Perfister, Calé, Dudu do Resgate, Fabinho Filé, Fidel Faria, Igor Faraco, João Miguel, Luciano Santos, Márcia Valentim, Marcos Rangel, Maurício Lopes, Paulinho Nogueira, Vitinho Nogueira",video-KOFfnMQI7aA-ytranscript.txt
2025-03-08,12/2025,Diego Barbosa,Em Discussão,N/A,"Amanda, André do Gás, Cacau Repórter, Caio Perfister, Calé, Dudu do Resgate, Fabinho Filé, Fidel Faria, Igor Faraco, João Miguel, Luciano Santos, Márcia Valentim, Marcos Rangel, Maurício Lopes, Paulinho Nogueira, Vitinho Nogueira",video-KOFfnMQI7aA-ytranscript.txt
2025-03-08,006/2025,Igor Faraco,Não identificado,N/A,"Amanda, André do Gás, Cacau Repórter, Caio Perfister, Calé, Dudu do Resgate, Fabinho Filé, Fidel Faria, Igor Faraco, João Miguel, Luciano Santos, Márcia Valentim, Marcos Rangel, Maurício Lopes, Paulinho Nogueira, Vitinho Nogueira",video-KOFfnMQI7aA-ytranscript.txt
2025-03-08,005/2025,Igor Faraco,Não identificado,N/A,"Amanda, André do Gás, Cacau Repórter, Caio Perfister, Calé, Dudu do Resgate, Fabinho Filé, Fidel Faria, Igor Faraco, João Miguel, Luciano Santos, Márcia Valentim, Marcos Rangel, Maurício Lopes, Paulinho Nogueira, Vitinho Nogueira",video-KOFfnMQI7aA-ytranscript.txt
2025-03-08,003/2025,Cacau Repórter,Não identificado,N/A,"Amanda, André do Gás, Cacau Repórter, Caio Perfister, Calé, Dudu do Resgate, Fabinho Filé, Fidel Faria, Igor Faraco, João Miguel, Luciano Santos, Márcia Valentim, Marcos Rangel, Maurício Lopes, Paulinho Nogueira, Vitinho Nogueira",video-KOFfnMQI7aA-ytranscript.txt
2025-03-30,046/2025,Luciano Santos,Não identificado,N/A,"Amanda, André do Gás, Cacau Repórter, Caio Perfister, Calé, Dudu do Resgate, Diego Barbosa, Fabinho Filé, Fidel Faria, Igor Faraco, João Miguel, Luciano Santos, Márcia Valentim, Marcos Rangel, Maurício Lopes, Paulinho Nogueira, Vitinho Nogueira",video-gv8rFuKc4uA-ytranscript.txt
2025-03-30,044/2025,Luciano Santos,Não identificado,N/A,"Amanda, André do Gás, Cacau Repórter, Caio Perfister, Calé, Dudu do Resgate, Diego Barbosa, Fabinho Filé, Fidel Faria, Igor Faraco, João Miguel, Luciano Santos, Márcia Valentim, Marcos Rangel, Maurício Lopes, Paulinho Nogueira, Vitinho Nogueira",video-gv8rFuKc4uA-ytranscript.txt
2025-03-30,017/2025,Calé,Não identificado,N/A,"Amanda, André do Gás, Cacau Repórter, Caio Perfister, Calé, Dudu do Resgate, Diego Barbosa, Fabinho Filé, Fidel Faria, Igor Faraco, João Miguel, Luciano Santos, Márcia Valentim, Marcos Rangel, Maurício Lopes, Paulinho Nogueira, Vitinho Nogueira",video-gv8rFuKc4uA-ytranscript.txt
2025-04-02,015/2025,Dudu do Resgate,Não identificado,N/A,"Amanda, André do Gás, Bruninho Almeida, Cacau Repórter, Caio Perfister, Calé, Dudu do Resgate, Diego Barbosa, Fabinho Filé, Fidel Faria, Igor Faraco, João Miguel, Luciano Santos, Márcia Valentim, Marcos Rangel, Maurício Lopes, Paulinho Nogueira",video-q4OpqYXvxh0-ytranscript.txt
2025-04-02,063/2025,Dudu do Resgate,Aprovado (Votação Simbólica),N/A,"Amanda, André do Gás, Bruninho Almeida, Cacau Repórter, Caio Perfister, Calé, Dudu do Resgate, Diego Barbosa, Fabinho Filé, Fidel Faria, Igor Faraco, João Miguel, Luciano Santos, Márcia Valentim, Marcos Rangel, Maurício Lopes, Paulinho Nogueira",video-q4OpqYXvxh0-ytranscript.txt
2025-04-02,066/2025,Luciano Santos,Aprovado (Votação Simbólica),N/A,"Amanda, André do Gás, Bruninho Almeida, Cacau Repórter, Caio Perfister, Calé, Dudu do Resgate, Diego Barbosa, Fabinho Filé, Fidel Faria, Igor Faraco, João Miguel, Luciano Santos, Márcia Valentim, Marcos Rangel, Maurício Lopes, Paulinho Nogueira",video-q4OpqYXvxh0-ytranscript.txt
2025-04-02,070/2025,Sandrinho,Aprovado (Votação Simbólica),N/A,"Amanda, André do Gás, Bruninho Almeida, Cacau Repórter, Caio Perfister, Calé, Dudu do Resgate, Diego Barbosa, Fabinho Filé, Fidel Faria, Igor Faraco, João Miguel, Luciano Santos, Márcia Valentim, Marcos Rangel, Maurício Lopes, Paulinho Nogueira",video-q4OpqYXvxh0-ytranscript.txt
2025-04-02,077/2025,Paulinho Nogueira,Aprovado (Votação Simbólica),N/A,"Amanda, André do Gás, Bruninho Almeida, Cacau Repórter, Caio Perfister, Calé, Dudu do Resgate, Diego Barbosa, Fabinho Filé, Fidel Faria, Igor Faraco, João Miguel, Luciano Santos, Márcia Valentim, Marcos Rangel, Maurício Lopes, Paulinho Nogueira",video-q4OpqYXvxh0-ytranscript.txt
2025-04-02,079/2025,Amanda,Aprovado (Votação Simbólica),N/A,"Amanda, André do Gás, Bruninho Almeida, Cacau Repórter, Caio Perfister, Calé, Dudu do Resgate, Diego Barbosa, Fabinho Filé, Fidel Faria, Igor Faraco, João Miguel, Luciano Santos, Márcia Valentim, Marcos Rangel, Maurício Lopes, Paulinho Nogueira",video-q4OpqYXvxh0-ytranscript.txt
2025-04-02,043/2025,Dudu do Resgate,Não identificado,N/A,"Amanda, André do Gás, Bruninho Almeida, Cacau Repórter, Caio Perfister, Calé, Dudu do Resgate, Diego Barbosa, Fabinho Filé, Fidel Faria, Igor Faraco, João Miguel, Luciano Santos, Márcia Valentim, Marcos Rangel, Maurício Lopes, Paulinho Nogueira",video-q4OpqYXvxh0-ytranscript.txt
2025-04-02,057/2025,Luciano Santos,Não identificado,N/A,"Amanda, André do Gás, Bruninho Almeida, Cacau Repórter, Caio Perfister, Calé, Dudu do Resgate, Diego Barbosa, Fabinho Filé, Fidel Faria, Igor Faraco, João Miguel, Luciano Santos, Márcia Valentim, Marcos Rangel, Maurício Lopes, Paulinho Nogueira",video-q4OpqYXvxh0-ytranscript.txt
2025-04-02,060/2025,Vitinho Nogueira,Não identificado,N/A,"Amanda, André do Gás, Bruninho Almeida, Cacau Repórter, Caio Perfister, Calé, Dudu do Resgate, Diego Barbosa, Fabinho Filé, Fidel Faria, Igor Faraco, João Miguel, Luciano Santos, Márcia Valentim, Marcos Rangel, Maurício Lopes, Paulinho Nogueira",video-q4OpqYXvxh0-ytranscript.txt
2025-04-03,44/2025,Érica Marra,Aprovado (Votação Simbólica),N/A,"Amanda, André do Gás, Bruninho Almeida, Cacau Repórter, Caio Perfister, Calé, Dudu do Resgate, Diego Barbosa, Fabinho Filé, Fidel Faria, Igor Faraco, João Miguel, Márcia Valentim, Marcos Rangel, Maurício Lopes, Paulinho Nogueira, Érica Marra",video-_7wAlHRBLSA-ytranscript.txt
2025-04-03,046/2025,Luciano Santos,Aprovado (Votação Simbólica),N/A,"Amanda, André do Gás, Bruninho Almeida, Cacau Repórter, Caio Perfister, Calé, Dudu do Resgate, Diego Barbosa, Fabinho Filé, Fidel Faria, Igor Faraco, João Miguel, Márcia Valentim, Marcos Rangel, Maurício Lopes, Paulinho Nogueira, Érica Marra",video-_7wAlHRBLSA-ytranscript.txt
2025-04-03,044/2025,Luciano Santos,Aprovado (Votação Simbólica),N/A,"Amanda, André do Gás, Bruninho Almeida, Cacau Repórter, Caio Perfister, Calé, Dudu do Resgate, Diego Barbosa, Fabinho Filé, Fidel Faria, Igor Faraco, João Miguel, Márcia Valentim, Marcos Rangel, Maurício Lopes, Paulinho Nogueira, Érica Marra",video-_7wAlHRBLSA-ytranscript.txt
2025-04-03,034/2025,Paulinho Nogueira,Aprovado (Votação Simbólica),N/A,"Amanda, André do Gás, Bruninho Almeida, Cacau Repórter, Caio Perfister, Calé, Dudu do Resgate, Diego Barbosa, Fabinho Filé, Fidel Faria, Igor Faraco, João Miguel, Márcia Valentim, Marcos Rangel, Maurício Lopes, Paulinho Nogueira, Érica Marra",video-_7wAlHRBLSA-ytranscript.txt
2025-04-03,019/2025,Márcia Valentim,Não identificado,N/A,"Amanda, André do Gás, Bruninho Almeida, Cacau Repórter, Caio Perfister, Calé, Dudu do Resgate, Diego Barbosa, Fabinho Filé, Fidel Faria, Igor Faraco, João Miguel, Márcia Valentim, Marcos Rangel, Maurício Lopes, Paulinho Nogueira, Érica Marra",video-_7wAlHRBLSA-ytranscript.txt
2025-04-03,017/2025,Calé,Não identificado,N/A,"Amanda, André do Gás, Bruninho Almeida, Cacau Repórter, Caio Perfister, Calé, Dudu do Resgate, Diego Barbosa, Fabinho Filé, Fidel Faria, Igor Faraco, João Miguel, Márcia Valentim, Marcos Rangel, Maurício Lopes, Paulinho Nogueira, Érica Marra",video-_7wAlHRBLSA-ytranscript.txt
2025-04-08,059/2025,Paulinho Nogueira,Em Discussão,N/A,"Amanda, André do Gás, Cacau Repórter, Caio Perfister, Calé, Dudu do Resgate, Diego Barbosa, Fabinho Filé, Fidel Faria, Igor Faraco, João Miguel, Luciano Santos, Márcia Valentim, Marcos Rangel, Maurício Lopes, Paulinho Nogueira",video-faVOBjdAiDs-ytranscript.txt
2025-04-08,040/2025,Diego Barbosa,Não identificado,N/A,"Amanda, André do Gás, Cacau Repórter, Caio Perfister, Calé, Dudu do Resgate, Diego Barbosa, Fabinho Filé, Fidel Faria, Igor Faraco, João Miguel, Luciano Santos, Márcia Valentim, Marcos Rangel, Maurício Lopes, Paulinho Nogueira",video-faVOBjdAiDs-ytranscript.txt
2025-04-08,065/2025,Luciano Santos,Não identificado,N/A,"Amanda, André do Gás, Cacau Repórter, Caio Perfister, Calé, Dudu do Resgate, Diego Barbosa, Fabinho Filé, Fidel Faria, Igor Faraco, João Miguel, Luciano Santos, Márcia Valentim, Marcos Rangel, Maurício Lopes, Paulinho Nogueira",video-faVOBjdAiDs-ytranscript.txt
2025-04-14,015/2025,Dudu do Resgate,Aprovado (Votação Simbólica),N/A,"Amanda, André do Gás, Bruninho Almeida, Cacau Repórter, Caio Perfister, Calé, Dudu do Resgate, Diego Barbosa, Fabinho Filé, Fidel Faria, Igor Faraco, João Miguel, Luciano Santos, Márcia Valentim, Marcos Rangel, Maurício Lopes, Paulinho Nogueira, Érica Marra",video-Xx4rK1E4rqI-ytranscript.txt
2025-04-14,053/2025,Diego Barbosa,Aprovado (Votação Simbólica),N/A,"Amanda, André do Gás, Bruninho Almeida, Cacau Repórter, Caio Perfister, Calé, Dudu do Resgate, Diego Barbosa, Fabinho Filé, Fidel Faria, Igor Faraco, João Miguel, Luciano Santos, Márcia Valentim, Marcos Rangel, Maurício Lopes, Paulinho Nogueira, Érica Marra",video-Xx4rK1E4rqI-ytranscript.txt
2025-04-14,055/2025,Luciano Santos,Aprovado (Votação Simbólica),N/A,"Amanda, André do Gás, Bruninho Almeida, Cacau Repórter, Caio Perfister, Calé, Dudu do Resgate, Diego Barbosa, Fabinho Filé, Fidel Faria, Igor Faraco, João Miguel, Luciano Santos, Márcia Valentim, Marcos Rangel, Maurício Lopes, Paulinho Nogueira, Érica Marra",video-Xx4rK1E4rqI-ytranscript.txt
2025-04-14,057/2025,Luciano Santos,Aprovado (Votação Simbólica),N/A,"Amanda, André do Gás, Bruninho Almeida, Cacau Repórter, Caio Perfister, Calé, Dudu do Resgate, Diego Barbosa, Fabinho Filé, Fidel Faria, Igor Faraco, João Miguel, Luciano Santos, Márcia Valentim, Marcos Rangel, Maurício Lopes, Paulinho Nogueira, Érica Marra",video-Xx4rK1E4rqI-ytranscript.txt
2025-04-14,080/2025,Cacau Repórter,Aprovado (Votação Simbólica),N/A,"Amanda, André do Gás, Bruninho Almeida, Cacau Repórter, Caio Perfister, Calé, Dudu do Resgate, Diego Barbosa, Fabinho Filé, Fidel Faria, Igor Faraco, João Miguel, Luciano Santos, Márcia Valentim, Marcos Rangel, Maurício Lopes, Paulinho Nogueira, Érica Marra",video-Xx4rK1E4rqI-ytranscript.txt
2025-04-14,038/2025,Diego Barbosa,Aprovado (Votação Simbólica),N/A,"Amanda, André do Gás, Bruninho Almeida, Cacau Repórter, Caio Perfister, Calé, Dudu do Resgate, Diego Barbosa, Fabinho Filé, Fidel Faria, Igor Faraco, João Miguel, Luciano Santos, Márcia Valentim, Marcos Rangel, Maurício Lopes, Paulinho Nogueira, Érica Marra",video-Xx4rK1E4rqI-ytranscript.txt
2025-04-14,084/2025,Luciano Santos,Encaminhado para Comissão,N/A,"Amanda, André do Gás, Bruninho Almeida, Cacau Repórter, Caio Perfister, Calé, Dudu do Resgate, Diego Barbosa, Fabinho Filé, Fidel Faria, Igor Faraco, João Miguel, Luciano Santos, Márcia Valentim, Marcos Rangel, Maurício Lopes, Paulinho Nogueira, Érica Marra",video-Xx4rK1E4rqI-ytranscript.txt
2025-04-14,043/2025,Dudu do Resgate,Não identificado,N/A,"Amanda, André do Gás, Bruninho Almeida, Cacau Repórter, Caio Perfister, Calé, Dudu do Resgate, Diego Barbosa, Fabinho Filé, Fidel Faria, Igor Faraco, João Miguel, Luciano Santos, Márcia Valentim, Marcos Rangel, Maurício Lopes, Paulinho Nogueira, Érica Marra",video-Xx4rK1E4rqI-ytranscript.txt
2025-04-14,05/2025,Dudu do Resgate,Não identificado,N/A,"Amanda, André do Gás, Bruninho Almeida, Cacau Repórter, Caio Perfister, Calé, Dudu do Resgate, Diego Barbosa, Fabinho Filé, Fidel Faria, Igor Faraco, João Miguel, Luciano Santos, Márcia Valentim, Marcos Rangel, Maurício Lopes, Paulinho Nogueira, Érica Marra",video-Xx4rK1E4rqI-ytranscript.txt
2025-04-14,065/2025,Luciano Santos,Não identificado,N/A,"Amanda, André do Gás, Bruninho Almeida, Cacau Repórter, Caio Perfister, Calé, Dudu do Resgate, Diego Barbosa, Fabinho Filé, Fidel Faria, Igor Faraco, João Miguel, Luciano Santos, Márcia Valentim, Marcos Rangel, Maurício Lopes, Paulinho Nogueira, Érica Marra",video-Xx4rK1E4rqI-ytranscript.txt
2025-04-14,066/2025,Dudu do Resgate,Não identificado,N/A,"Amanda, André do Gás, Bruninho Almeida, Cacau Repórter, Caio Perfister, Calé, Dudu do Resgate, Diego Barbosa, Fabinho Filé, Fidel Faria, Igor Faraco, João Miguel, Luciano Santos, Márcia Valentim, Marcos Rangel, Maurício Lopes, Paulinho Nogueira, Érica Marra",video-Xx4rK1E4rqI-ytranscript.txt
2025-04-14,072/2025,Luciano Santos,Em Discussão,N/A,"Amanda, André do Gás, Bruninho Almeida, Cacau Repórter, Caio Perfister, Calé, Dudu do Resgate, Diego Barbosa, Fabinho Filé, Fidel Faria, Igor Faraco, João Miguel, Luciano Santos, Márcia Valentim, Marcos Rangel, Maurício Lopes, Paulinho Nogueira, Érica Marra",video-Xx4rK1E4rqI-ytranscript.txt
2025-04-14,070/2025,Dudu do Resgate,Não identificado,N/A,"Amanda, André do Gás, Bruninho Almeida, Cacau Repórter, Caio Perfister, Calé, Dudu do Resgate, Diego Barbosa, Fabinho Filé, Fidel Faria, Igor Faraco, João Miguel, Luciano Santos, Márcia Valentim, Marcos Rangel, Maurício Lopes, Paulinho Nogueira, Érica Marra",video-Xx4rK1E4rqI-ytranscript.txt
2025-04-14,083/2025,Cacau Repórter,Aprovado (Votação Simbólica),N/A,"Amanda, André do Gás, Bruninho Almeida, Cacau Repórter, Caio Perfister, Calé, Dudu do Resgate, Diego Barbosa, Fabinho Filé, Fidel Faria, Igor Faraco, João Miguel, Luciano Santos, Márcia Valentim, Marcos Rangel, Maurício Lopes, Paulinho Nogueira, Érica Marra",video-Xx4rK1E4rqI-ytranscript.txt
2025-04-15,143/2025,Érica Marra,Não identificado,N/A,"Amanda, André do Gás, Bruninho Almeida, Cacau Repórter, Caio Perfister, Calé, Dudu do Resgate, Diego Barbosa, Fabinho Filé, Fidel Faria, Igor Faraco, João Miguel, Luciano Santos, Márcia Valentim, Marcos Rangel, Maurício Lopes, Paulinho Nogueira, Vitinho Nogueira",video-GWiUIy5IE0Q-ytranscript.txt
2025-04-15,089/2025,Dudu do Resgate,Aprovado (Votação Simbólica),N/A,"Amanda, André do Gás, Bruninho Almeida, Cacau Repórter, Caio Perfister, Calé, Dudu do Resgate, Diego Barbosa, Fabinho Filé, Fidel Faria, Igor Faraco, João Miguel, Luciano Santos, Márcia Valentim, Marcos Rangel, Maurício Lopes, Paulinho Nogueira, Vitinho Nogueira",video-GWiUIy5IE0Q-ytranscript.txt
2025-04-15,139/2025,Cacau Repórter,Não identificado,N/A,"Amanda, André do Gás, Bruninho Almeida, Cacau Repórter, Caio Perfister, Calé, Dudu do Resgate, Diego Barbosa, Fabinho Filé, Fidel Faria, Igor Faraco, João Miguel, Luciano Santos, Márcia Valentim, Marcos Rangel, Maurício Lopes, Paulinho Nogueira, Vitinho Nogueira",video-GWiUIy5IE0Q-ytranscript.txt
2025-04-15,073/2025,Cacau Repórter,Não identificado,N/A,"Amanda, André do Gás, Bruninho Almeida, Cacau Repórter, Caio Perfister, Calé, Dudu do Resgate, Diego Barbosa, Fabinho Filé, Fidel Faria, Igor Faraco, João Miguel, Luciano Santos, Márcia Valentim, Marcos Rangel, Maurício Lopes, Paulinho Nogueira, Vitinho Nogueira",video-GWiUIy5IE0Q-ytranscript.txt
2025-04-15,088/2025,Dudu do Resgate,Aprovado (Votação Simbólica),N/A,"Amanda, André do Gás, Bruninho Almeida, Cacau Repórter, Caio Perfister, Calé, Dudu do Resgate, Diego Barbosa, Fabinho Filé, Fidel Faria, Igor Faraco, João Miguel, Luciano Santos, Márcia Valentim, Marcos Rangel, Maurício Lopes, Paulinho Nogueira, Vitinho Nogueira",video-GWiUIy5IE0Q-ytranscript.txt
2025-04-15,084/2025,Dudu do Resgate,Aprovado (Votação Simbólica),N/A,"Amanda, André do Gás, Bruninho Almeida, Cacau Repórter, Caio Perfister, Calé, Dudu do Resgate, Diego Barbosa, Fabinho Filé, Fidel Faria, Igor Faraco, João Miguel, Luciano Santos, Márcia Valentim, Marcos Rangel, Maurício Lopes, Paulinho Nogueira, Vitinho Nogueira",video-GWiUIy5IE0Q-ytranscript.txt
2025-04-15,133/2025,Érica Marra,Não identificado,N/A,"Amanda, André do Gás, Bruninho Almeida, Cacau Repórter, Caio Perfister, Calé, Dudu do Resgate, Diego Barbosa, Fabinho Filé, Fidel Faria, Igor Faraco, João Miguel, Luciano Santos, Márcia Valentim, Marcos Rangel, Maurício Lopes, Paulinho Nogueira, Vitinho Nogueira",video-GWiUIy5IE0Q-ytranscript.txt
2025-04-15,081/2025,Calé,Aprovado (Votação Simbólica),N/A,"Amanda, André do Gás, Bruninho Almeida, Cacau Repórter, Caio Perfister, Calé, Dudu do Resgate, Diego Barbosa, Fabinho Filé, Fidel Faria, Igor Faraco, João Miguel, Luciano Santos, Márcia Valentim, Marcos Rangel, Maurício Lopes, Paulinho Nogueira, Vitinho Nogueira",video-GWiUIy5IE0Q-ytranscript.txt
2025-04-15,132/2025,Érica Marra,Não identificado,N/A,"Amanda, André do Gás, Bruninho Almeida, Cacau Repórter, Caio Perfister, Calé, Dudu do Resgate, Diego Barbosa, Fabinho Filé, Fidel Faria, Igor Faraco, João Miguel, Luciano Santos, Márcia Valentim, Marcos Rangel, Maurício Lopes, Paulinho Nogueira, Vitinho Nogueira",video-GWiUIy5IE0Q-ytranscript.txt
2025-04-15,117/2025,Cacau Repórter,Não identificado,N/A,"Amanda, André do Gás, Bruninho Almeida, Cacau Repórter, Caio Perfister, Calé, Dudu do Resgate, Diego Barbosa, Fabinho Filé, Fidel Faria, Igor Faraco, João Miguel, Luciano Santos, Márcia Valentim, Marcos Rangel, Maurício Lopes, Paulinho Nogueira, Vitinho Nogueira",video-GWiUIy5IE0Q-ytranscript.txt
2025-04-15,79/2025,Amanda,Não identificado,N/A,"Amanda, André do Gás, Bruninho Almeida, Cacau Repórter, Caio Perfister, Calé, Dudu do Resgate, Diego Barbosa, Fabinho Filé, Fidel Faria, Igor Faraco, João Miguel, Luciano Santos, Márcia Valentim, Marcos Rangel, Maurício Lopes, Paulinho Nogueira, Vitinho Nogueira",video-GWiUIy5IE0Q-ytranscript.txt
2025-04-15,75/2025,Amanda,Não identificado,N/A,"Amanda, André do Gás, Bruninho Almeida, Cacau Repórter, Caio Perfister, Calé, Dudu do Resgate, Diego Barbosa, Fabinho Filé, Fidel Faria, Igor Faraco, João Miguel, Luciano Santos, Márcia Valentim, Marcos Rangel, Maurício Lopes, Paulinho Nogueira, Vitinho Nogueira",video-GWiUIy5IE0Q-ytranscript.txt
2025-04-15,22/2025,Fidel Faria,Não identificado,N/A,"Amanda, André do Gás, Bruninho Almeida, Cacau Repórter, Caio Perfister, Calé, Dudu do Resgate, Diego Barbosa, Fabinho Filé, Fidel Faria, Igor Faraco, João Miguel, Luciano Santos, Márcia Valentim, Marcos Rangel, Maurício Lopes, Paulinho Nogueira, Vitinho Nogueira",video-GWiUIy5IE0Q-ytranscript.txt
2025-04-15,149/2025,Sandrinho,Não identificado,N/A,"Amanda, André do Gás, Bruninho Almeida, Cacau Repórter, Caio Perfister, Calé, Dudu do Resgate, Diego Barbosa, Fabinho Filé, Fidel Faria, Igor Faraco, João Miguel, Luciano Santos, Márcia Valentim, Marcos Rangel, Maurício Lopes, Paulinho Nogueira, Vitinho Nogueira",video-GWiUIy5IE0Q-ytranscript.txt
2025-04-15,083/2025,Diego Barbosa,Aprovado (Votação Simbólica),N/A,"Amanda, André do Gás, Bruninho Almeida, Cacau Repórter, Caio Perfister, Calé, Dudu do Resgate, Diego Barbosa, Fabinho Filé, Fidel Faria, Igor Faraco, João Miguel, Luciano Santos, Márcia Valentim, Marcos Rangel, Maurício Lopes, Paulinho Nogueira, Vitinho Nogueira",video-GWiUIy5IE0Q-ytranscript.txt
2025-04-15,142/2025,Érica Marra,Não identificado,N/A,"Amanda, André do Gás, Bruninho Almeida, Cacau Repórter, Caio Perfister, Calé, Dudu do Resgate, Diego Barbosa, Fabinho Filé, Fidel Faria, Igor Faraco, João Miguel, Luciano Santos, Márcia Valentim, Marcos Rangel, Maurício Lopes, Paulinho Nogueira, Vitinho Nogueira",video-GWiUIy5IE0Q-ytranscript.txt
2025-04-15,136/2025,Amanda,Aprovado (Votação Simbólica),N/A,"Amanda, André do Gás, Bruninho Almeida, Cacau Repórter, Caio Perfister, Calé, Dudu do Resgate, Diego Barbosa, Fabinho Filé, Fidel Faria, Igor Faraco, João Miguel, Luciano Santos, Márcia Valentim, Marcos Rangel, Maurício Lopes, Paulinho Nogueira, Vitinho Nogueira",video-GWiUIy5IE0Q-ytranscript.txt
2025-04-29,066/2025,Dudu do Resgate,Aprovado (Votação Simbólica),N/A,"Amanda, André do Gás, Bruninho Almeida, Cacau Repórter, Caio Perfister, Calé, Dudu do Resgate, Diego Barbosa, Fabinho Filé, Fidel Faria, Igor Faraco, João Miguel, Luciano Santos, Márcia Valentim, Marcos Rangel, Maurício Lopes, Paulinho Nogueira, Érica Marra",video-sMDaK1_7-QM-ytranscript.txt
2025-04-29,063/2025,Dudu do Resgate,Aprovado (Votação Simbólica),N/A,"Amanda, André do Gás, Bruninho Almeida, Cacau Repórter, Caio Perfister, Calé, Dudu do Resgate, Diego Barbosa, Fabinho Filé, Fidel Faria, Igor Faraco, João Miguel, Luciano Santos, Márcia Valentim, Marcos Rangel, Maurício Lopes, Paulinho Nogueira, Érica Marra",video-sMDaK1_7-QM-ytranscript.txt
2025-04-29,058/2025,Dudu do Resgate,Aprovado (Votação Simbólica),N/A,"Amanda, André do Gás, Bruninho Almeida, Cacau Repórter, Caio Perfister, Calé, Dudu do Resgate, Diego Barbosa, Fabinho Filé, Fidel Faria, Igor Faraco, João Miguel, Luciano Santos, Márcia Valentim, Marcos Rangel, Maurício Lopes, Paulinho Nogueira, Érica Marra",video-sMDaK1_7-QM-ytranscript.txt
2025-04-29,043/2025,Dudu do Resgate,Aprovado (Votação Simbólica),N/A,"Amanda, André do Gás, Bruninho Almeida, Cacau Repórter, Caio Perfister, Calé, Dudu do Resgate, Diego Barbosa, Fabinho Filé, Fidel Faria, Igor Faraco, João Miguel, Luciano Santos, Márcia Valentim, Marcos Rangel, Maurício Lopes, Paulinho Nogueira, Érica Marra",video-sMDaK1_7-QM-ytranscript.txt
2025-04-29,040/2025,Diego Barbosa,Em Discussão,N/A,"Amanda, André do Gás, Bruninho Almeida, Cacau Repórter, Caio Perfister, Calé, Dudu do Resgate, Diego Barbosa, Fabinho Filé, Fidel Faria, Igor Faraco, João Miguel, Luciano Santos, Márcia Valentim, Marcos Rangel, Maurício Lopes, Paulinho Nogueira, Érica Marra",video-sMDaK1_7-QM-ytranscript.txt
2025-04-29,065/2025,Luciano Santos,Aprovado (Votação Simbólica),N/A,"Amanda, André do Gás, Bruninho Almeida, Cacau Repórter, Caio Perfister, Calé, Dudu do Resgate, Diego Barbosa, Fabinho Filé, Fidel Faria, Igor Faraco, João Miguel, Luciano Santos, Márcia Valentim, Marcos Rangel, Maurício Lopes, Paulinho Nogueira, Érica Marra",video-sMDaK1_7-QM-ytranscript.txt
2025-04-30,066/2025,Luciano Santos,Não identificado,N/A,"Amanda, André do Gás, Cacau Repórter, Caio Perfister, Calé, Dudu do Resgate, Diego Barbosa, Fabinho Filé, Fidel Faria, Igor Faraco, João Miguel, Luciano Santos, Márcia Valentim, Marcos Rangel, Maurício Lopes, Paulinho Nogueira, Érica Marra",video-lRcIU8VZdIM-ytranscript.txt
2025-04-30,064/2025,Érica Marra,Não identificado,N/A,"Amanda, André do Gás, Cacau Repórter, Caio Perfister, Calé, Dudu do Resgate, Diego Barbosa, Fabinho Filé, Fidel Faria, Igor Faraco, João Miguel, Luciano Santos, Márcia Valentim, Marcos Rangel, Maurício Lopes, Paulinho Nogueira, Érica Marra",video-lRcIU8VZdIM-ytranscript.txt
2025-04-30,057/2025,Luciano Santos,Não identificado,N/A,"Amanda, André do Gás, Cacau Repórter, Caio Perfister, Calé, Dudu do Resgate, Diego Barbosa, Fabinho Filé, Fidel Faria, Igor Faraco, João Miguel, Luciano Santos, Márcia Valentim, Marcos Rangel, Maurício Lopes, Paulinho Nogueira, Érica Marra",video-lRcIU8VZdIM-ytranscript.txt
2025-04-30,053/2025,Diego Barbosa,Não identificado,N/A,"Amanda, André do Gás, Cacau Repórter, Caio Perfister, Calé, Dudu do Resgate, Diego Barbosa, Fabinho Filé, Fidel Faria, Igor Faraco, João Miguel, Luciano Santos, Márcia Valentim, Marcos Rangel, Maurício Lopes, Paulinho Nogueira, Érica Marra",video-lRcIU8VZdIM-ytranscript.txt
2025-04-30,038/2025,Diego Barbosa,Não identificado,N/A,"Amanda, André do Gás, Cacau Repórter, Caio Perfister, Calé, Dudu do Resgate, Diego Barbosa, Fabinho Filé, Fidel Faria, Igor Faraco, João Miguel, Luciano Santos, Márcia Valentim, Marcos Rangel, Maurício Lopes, Paulinho Nogueira, Érica Marra",video-lRcIU8VZdIM-ytranscript.txt
2025-04-30,15/2025,Dudu do Resgate,Não identificado,N/A,"Amanda, André do Gás, Cacau Repórter, Caio Perfister, Calé, Dudu do Resgate, Diego Barbosa, Fabinho Filé, Fidel Faria, Igor Faraco, João Miguel, Luciano Santos, Márcia Valentim, Marcos Rangel, Maurício Lopes, Paulinho Nogueira, Érica Marra",video-lRcIU8VZdIM-ytranscript.txt
2025-04-30,067/2025,Márcia Valentim,Não identificado,N/A,"Amanda, André do Gás, Cacau Repórter, Caio Perfister, Calé, Dudu do Resgate, Diego Barbosa, Fabinho Filé, Fidel Faria, Igor Faraco, João Miguel, Luciano Santos, Márcia Valentim, Marcos Rangel, Maurício Lopes, Paulinho Nogueira, Érica Marra",video-lRcIU8VZdIM-ytranscript.txt
2025-04-30,065/2025,Érica Marra,Não identificado,N/A,"Amanda, André do Gás, Cacau Repórter, Caio Perfister, Calé, Dudu do Resgate, Diego Barbosa, Fabinho Filé, Fidel Faria, Igor Faraco, João Miguel, Luciano Santos, Márcia Valentim, Marcos Rangel, Maurício Lopes, Paulinho Nogueira, Érica Marra",video-lRcIU8VZdIM-ytranscript.txt
2025-05-06,086/2025,Cacau Repórter,Aprovado (Votação Simbólica),N/A,"Amanda, André do Gás, Cacau Repórter, Caio Perfister, Calé, Dudu do Resgate, Diego Barbosa, Fabinho Filé, Fidel Faria, Igor Faraco, João Miguel, Luciano Santos, Márcia Valentim, Marcos Rangel, Maurício Lopes, Paulinho Nogueira, Vitinho Nogueira",video-fAJP0gixuE0-ytranscript.txt
2025-05-06,073/2025,Cacau Repórter,Aprovado (Votação Simbólica),N/A,"Amanda, André do Gás, Cacau Repórter, Caio Perfister, Calé, Dudu do Resgate, Diego Barbosa, Fabinho Filé, Fidel Faria, Igor Faraco, João Miguel, Luciano Santos, Márcia Valentim, Marcos Rangel, Maurício Lopes, Paulinho Nogueira, Vitinho Nogueira",video-fAJP0gixuE0-ytranscript.txt
2025-05-06,085/2025,André do Gás,Aprovado (Votação Simbólica),N/A,"Amanda, André do Gás, Cacau Repórter, Caio Perfister, Calé, Dudu do Resgate, Diego Barbosa, Fabinho Filé, Fidel Faria, Igor Faraco, João Miguel, Luciano Santos, Márcia Valentim, Marcos Rangel, Maurício Lopes, Paulinho Nogueira, Vitinho Nogueira",video-fAJP0gixuE0-ytranscript.txt
2025-05-13,080/2025,Cacau Repórter,Não identificado,N/A,Chamada não identificada,video-63boyEcTKDM-ytranscript.txt
2025-05-13,106/2025,Márcia Valentim,Não identificado,N/A,"Amanda, André do Gás, Cacau Repórter, Caio Perfister, Calé, Dudu do Resgate, Diego Barbosa, Fabinho Filé, Fidel Faria, Igor Faraco, João Miguel, Luciano Santos, Márcia Valentim, Marcos Rangel, Maurício Lopes, Paulinho Nogueira, Vitinho Nogueira, Érica Marra",video-6AoJ7m12pY0-ytranscript.txt
2025-05-13,107/2025,Vitinho Nogueira,Aprovado (Votação Simbólica),N/A,"Amanda, André do Gás, Cacau Repórter, Caio Perfister, Calé, Dudu do Resgate, Diego Barbosa, Fabinho Filé, Fidel Faria, Igor Faraco, João Miguel, Luciano Santos, Márcia Valentim, Marcos Rangel, Maurício Lopes, Paulinho Nogueira, Vitinho Nogueira, Érica Marra",video-6AoJ7m12pY0-ytranscript.txt
2025-05-13,081/2025,Calé,Não identificado,N/A,Chamada não identificada,video-63boyEcTKDM-ytranscript.txt
2025-05-13,089/2025,Érica Marra,Não identificado,N/A,Chamada não identificada,video-63boyEcTKDM-ytranscript.txt
2025-05-13,079/2025,Amanda,Não identificado,N/A,Chamada não identificada,video-63boyEcTKDM-ytranscript.txt
2025-05-13,103/2025,Diego Barbosa,Não identificado,N/A,"Amanda, André do Gás, Cacau Repórter, Caio Perfister, Calé, Dudu do Resgate, Diego Barbosa, Fabinho Filé, Fidel Faria, Igor Faraco, João Miguel, Luciano Santos, Márcia Valentim, Marcos Rangel, Maurício Lopes, Paulinho Nogueira, Vitinho Nogueira, Érica Marra",video-6AoJ7m12pY0-ytranscript.txt
2025-05-13,104/2025,Diego Barbosa,Não identificado,N/A,"Amanda, André do Gás, Cacau Repórter, Caio Perfister, Calé, Dudu do Resgate, Diego Barbosa, Fabinho Filé, Fidel Faria, Igor Faraco, João Miguel, Luciano Santos, Márcia Valentim, Marcos Rangel, Maurício Lopes, Paulinho Nogueira, Vitinho Nogueira, Érica Marra",video-6AoJ7m12pY0-ytranscript.txt
2025-05-13,090/2025,Érica Marra,Não identificado,N/A,Chamada não identificada,video-63boyEcTKDM-ytranscript.txt
2025-05-29,078/2025,Luciano Santos,Não identificado,N/A,"Amanda, André do Gás, Bruninho Almeida, Cacau Repórter, Caio Perfister, Calé, Dudu do Resgate, Diego Barbosa, Fabinho Filé, Fidel Faria, Igor Faraco, João Miguel, Luciano Santos, Márcia Valentim, Marcos Rangel, Maurício Lopes, Paulinho Nogueira, Vitinho Nogueira",video-NERWij9Cmqg-ytranscript.txt
2025-05-29,138/2025,Cacau Repórter,Aprovado (Votação Simbólica),N/A,"Amanda, André do Gás, Bruninho Almeida, Cacau Repórter, Caio Perfister, Calé, Dudu do Resgate, Diego Barbosa, Fabinho Filé, Fidel Faria, Igor Faraco, João Miguel, Luciano Santos, Márcia Valentim, Marcos Rangel, Maurício Lopes, Paulinho Nogueira, Vitinho Nogueira",video-NERWij9Cmqg-ytranscript.txt
2025-05-29,144/2025,Luciano Santos,Aprovado (Votação Simbólica),N/A,"Amanda, André do Gás, Bruninho Almeida, Cacau Repórter, Caio Perfister, Calé, Dudu do Resgate, Diego Barbosa, Fabinho Filé, Fidel Faria, Igor Faraco, João Miguel, Luciano Santos, Márcia Valentim, Marcos Rangel, Maurício Lopes, Paulinho Nogueira, Vitinho Nogueira",video-NERWij9Cmqg-ytranscript.txt
2025-05-29,147/2025,Luciano Santos,Aprovado (Votação Simbólica),N/A,"Amanda, André do Gás, Bruninho Almeida, Cacau Repórter, Caio Perfister, Calé, Dudu do Resgate, Diego Barbosa, Fabinho Filé, Fidel Faria, Igor Faraco, João Miguel, Luciano Santos, Márcia Valentim, Marcos Rangel, Maurício Lopes, Paulinho Nogueira, Vitinho Nogueira",video-NERWij9Cmqg-ytranscript.txt
2025-05-29,129/2025,Cacau Repórter,Aprovado (Votação Simbólica),N/A,"Amanda, André do Gás, Bruninho Almeida, Cacau Repórter, Caio Perfister, Calé, Dudu do Resgate, Diego Barbosa, Fabinho Filé, Fidel Faria, Igor Faraco, João Miguel, Luciano Santos, Márcia Valentim, Marcos Rangel, Maurício Lopes, Paulinho Nogueira, Vitinho Nogueira",video-NERWij9Cmqg-ytranscript.txt
2025-05-29,112/2025,Cacau Repórter,Aprovado (Votação Simbólica),N/A,"Amanda, André do Gás, Bruninho Almeida, Cacau Repórter, Caio Perfister, Calé, Dudu do Resgate, Diego Barbosa, Fabinho Filé, Fidel Faria, Igor Faraco, João Miguel, Luciano Santos, Márcia Valentim, Marcos Rangel, Maurício Lopes, Paulinho Nogueira, Vitinho Nogueira",video-NERWij9Cmqg-ytranscript.txt
2025-05-29,103/2025,Diego Barbosa,Não identificado,N/A,"Amanda, André do Gás, Bruninho Almeida, Cacau Repórter, Caio Perfister, Calé, Dudu do Resgate, Diego Barbosa, Fabinho Filé, Fidel Faria, Igor Faraco, João Miguel, Luciano Santos, Márcia Valentim, Marcos Rangel, Maurício Lopes, Paulinho Nogueira, Vitinho Nogueira",video-NERWij9Cmqg-ytranscript.txt
2025-05-29,082/2025,Diego Barbosa,Não identificado,N/A,"Amanda, André do Gás, Bruninho Almeida, Cacau Repórter, Caio Perfister, Calé, Dudu do Resgate, Diego Barbosa, Fabinho Filé, Fidel Faria, Igor Faraco, João Miguel, Luciano Santos, Márcia Valentim, Marcos Rangel, Maurício Lopes, Paulinho Nogueira, Vitinho Nogueira",video-NERWij9Cmqg-ytranscript.txt
2025-05-29,054/2025,Dudu do Resgate,Não identificado,N/A,"Amanda, André do Gás, Bruninho Almeida, Cacau Repórter, Caio Perfister, Calé, Dudu do Resgate, Diego Barbosa, Fabinho Filé, Fidel Faria, Igor Faraco, João Miguel, Luciano Santos, Márcia Valentim, Marcos Rangel, Maurício Lopes, Paulinho Nogueira, Vitinho Nogueira",video-NERWij9Cmqg-ytranscript.txt
2025-05-29,104/2025,Diego Barbosa,Aprovado (Votação Simbólica),N/A,"Amanda, André do Gás, Bruninho Almeida, Cacau Repórter, Caio Perfister, Calé, Dudu do Resgate, Diego Barbosa, Fabinho Filé, Fidel Faria, Igor Faraco, João Miguel, Luciano Santos, Márcia Valentim, Marcos Rangel, Maurício Lopes, Paulinho Nogueira, Vitinho Nogueira",video-NERWij9Cmqg-ytranscript.txt
2025-06-03,078/2025,Luciano Santos,Aprovado (Votação Simbólica),N/A,Chamada não identificada,video-C7NKvPiA49E-ytranscript.txt
2025-06-05,159/2025,Paulinho Nogueira,Não identificado,N/A,Chamada não identificada,video-UcelumXPU2U-ytranscript.txt
2025-06-05,157/2025,Márcia Valentim,Não identificado,N/A,Chamada não identificada,video-UcelumXPU2U-ytranscript.txt
2025-06-05,145/2025,Luciano Santos,Não identificado,N/A,Chamada não identificada,video-UcelumXPU2U-ytranscript.txt
2025-06-05,163/2025,Fidel Faria,Não identificado,N/A,Chamada não identificada,video-UcelumXPU2U-ytranscript.txt
2025-06-05,155/2025,Érica Marra,Não identificado,N/A,Chamada não identificada,video-UcelumXPU2U-ytranscript.txt
2025-06-05,161/2025,Dudu do Resgate,Não identificado,N/A,Chamada não identificada,video-UcelumXPU2U-ytranscript.txt
2025-06-05,153/2025,Dudu do Resgate,Não identificado,N/A,Chamada não identificada,video-UcelumXPU2U-ytranscript.txt
2025-06-05,152/2025,Dudu do Resgate,Não identificado,N/A,Chamada não identificada,video-UcelumXPU2U-ytranscript.txt
2025-06-05,135/2025,Caio Perfister,Não identificado,N/A,Chamada não identificada,video-UcelumXPU2U-ytranscript.txt
2025-06-05,124/2025,Amanda,Aprovado (Votação Simbólica),N/A,Chamada não identificada,video-UcelumXPU2U-ytranscript.txt
2025-06-05,162/2025,Sandrinho,Não identificado,N/A,Chamada não identificada,video-UcelumXPU2U-ytranscript.txt
2025-06-05,160/2025,Paulinho Nogueira,Não identificado,N/A,Chamada não identificada,video-UcelumXPU2U-ytranscript.txt
2025-06-10,166/2025,Cacau Repórter,Não identificado,N/A,"Amanda, André do Gás, Cacau Repórter, Caio Perfister, Calé, Dudu do Resgate, Diego Barbosa, Fabinho Filé, Fidel Faria, Igor Faraco, João Miguel, Luciano Santos, Márcia Valentim, Marcos Rangel, Maurício Lopes, Paulinho Nogueira, Érica Marra",video-1H0zliuXnBY-ytranscript.txt
2025-06-10,168/2025,Diego Barbosa,Não identificado,N/A,"Amanda, André do Gás, Cacau Repórter, Caio Perfister, Calé, Dudu do Resgate, Diego Barbosa, Fabinho Filé, Fidel Faria, Igor Faraco, João Miguel, Luciano Santos, Márcia Valentim, Marcos Rangel, Maurício Lopes, Paulinho Nogueira, Érica Marra",video-1H0zliuXnBY-ytranscript.txt
2025-06-10,169/2025,Dudu do Resgate,Não identificado,N/A,"Amanda, André do Gás, Cacau Repórter, Caio Perfister, Calé, Dudu do Resgate, Diego Barbosa, Fabinho Filé, Fidel Faria, Igor Faraco, João Miguel, Luciano Santos, Márcia Valentim, Marcos Rangel, Maurício Lopes, Paulinho Nogueira, Érica Marra",video-1H0zliuXnBY-ytranscript.txt
2025-06-10,171/2025,Érica Marra,Encaminhado para Comissão,N/A,"Amanda, André do Gás, Cacau Repórter, Caio Perfister, Calé, Dudu do Resgate, Diego Barbosa, Fabinho Filé, Fidel Faria, Igor Faraco, João Miguel, Luciano Santos, Márcia Valentim, Marcos Rangel, Maurício Lopes, Paulinho Nogueira, Érica Marra",video-1H0zliuXnBY-ytranscript.txt
2025-06-10,172/2025,Fidel Faria,Encaminhado para Comissão,N/A,"Amanda, André do Gás, Cacau Repórter, Caio Perfister, Calé, Dudu do Resgate, Diego Barbosa, Fabinho Filé, Fidel Faria, Igor Faraco, João Miguel, Luciano Santos, Márcia Valentim, Marcos Rangel, Maurício Lopes, Paulinho Nogueira, Érica Marra",video-1H0zliuXnBY-ytranscript.txt
2025-06-10,174/2025,Igor Faraco,Aprovado (Votação Simbólica),N/A,"Amanda, André do Gás, Cacau Repórter, Caio Perfister, Calé, Dudu do Resgate, Diego Barbosa, Fabinho Filé, Fidel Faria, Igor Faraco, João Miguel, Luciano Santos, Márcia Valentim, Marcos Rangel, Maurício Lopes, Paulinho Nogueira, Érica Marra",video-1H0zliuXnBY-ytranscript.txt
2025-06-10,176/2025,Márcia Valentim,Aprovado (Votação Simbólica),N/A,"Amanda, André do Gás, Cacau Repórter, Caio Perfister, Calé, Dudu do Resgate, Diego Barbosa, Fabinho Filé, Fidel Faria, Igor Faraco, João Miguel, Luciano Santos, Márcia Valentim, Marcos Rangel, Maurício Lopes, Paulinho Nogueira, Érica Marra",video-1H0zliuXnBY-ytranscript.txt
2025-06-10,177/2025,Paulinho Nogueira,Aprovado (Votação Simbólica),N/A,"Amanda, André do Gás, Cacau Repórter, Caio Perfister, Calé, Dudu do Resgate, Diego Barbosa, Fabinho Filé, Fidel Faria, Igor Faraco, João Miguel, Luciano Santos, Márcia Valentim, Marcos Rangel, Maurício Lopes, Paulinho Nogueira, Érica Marra",video-1H0zliuXnBY-ytranscript.txt
2025-06-10,178/2025,Paulinho Nogueira,Aprovado (Votação Simbólica),N/A,"Amanda, André do Gás, Cacau Repórter, Caio Perfister, Calé, Dudu do Resgate, Diego Barbosa, Fabinho Filé, Fidel Faria, Igor Faraco, João Miguel, Luciano Santos, Márcia Valentim, Marcos Rangel, Maurício Lopes, Paulinho Nogueira, Érica Marra",video-1H0zliuXnBY-ytranscript.txt
2025-06-10,173/2025,Fidel Faria,Aprovado (Votação Simbólica),N/A,"Amanda, André do Gás, Cacau Repórter, Caio Perfister, Calé, Dudu do Resgate, Diego Barbosa, Fabinho Filé, Fidel Faria, Igor Faraco, João Miguel, Luciano Santos, Márcia Valentim, Marcos Rangel, Maurício Lopes, Paulinho Nogueira, Érica Marra",video-1H0zliuXnBY-ytranscript.txt
2025-06-12,147/2025,Luciano Santos,Aprovado (Votação Simbólica),N/A,"Amanda, André do Gás, Bruninho Almeida, Cacau Repórter, Caio Perfister, Calé, Dudu do Resgate, Diego Barbosa, Fabinho Filé, Fidel Faria, Igor Faraco, João Miguel, Luciano Santos, Márcia Valentim, Marcos Rangel, Maurício Lopes, Paulinho Nogueira, Érica Marra",video-9WnNBpuIIa0-ytranscript.txt
2025-06-12,138/2025,Cacau Repórter,Aprovado (Votação Simbólica),N/A,"Amanda, André do Gás, Bruninho Almeida, Cacau Repórter, Caio Perfister, Calé, Dudu do Resgate, Diego Barbosa, Fabinho Filé, Fidel Faria, Igor Faraco, João Miguel, Luciano Santos, Márcia Valentim, Marcos Rangel, Maurício Lopes, Paulinho Nogueira, Érica Marra",video-9WnNBpuIIa0-ytranscript.txt
2025-06-12,129/2025,Cacau Repórter,Aprovado (Votação Simbólica),N/A,"Amanda, André do Gás, Bruninho Almeida, Cacau Repórter, Caio Perfister, Calé, Dudu do Resgate, Diego Barbosa, Fabinho Filé, Fidel Faria, Igor Faraco, João Miguel, Luciano Santos, Márcia Valentim, Marcos Rangel, Maurício Lopes, Paulinho Nogueira, Érica Marra",video-9WnNBpuIIa0-ytranscript.txt
2025-06-12,103/2025,Diego Barbosa,Não identificado,N/A,"Amanda, André do Gás, Bruninho Almeida, Cacau Repórter, Caio Perfister, Calé, Dudu do Resgate, Diego Barbosa, Fabinho Filé, Fidel Faria, Igor Faraco, João Miguel, Luciano Santos, Márcia Valentim, Marcos Rangel, Maurício Lopes, Paulinho Nogueira, Érica Marra",video-9WnNBpuIIa0-ytranscript.txt
2025-06-12,082/2025,Diego Barbosa,Não identificado,N/A,"Amanda, André do Gás, Bruninho Almeida, Cacau Repórter, Caio Perfister, Calé, Dudu do Resgate, Diego Barbosa, Fabinho Filé, Fidel Faria, Igor Faraco, João Miguel, Luciano Santos, Márcia Valentim, Marcos Rangel, Maurício Lopes, Paulinho Nogueira, Érica Marra",video-9WnNBpuIIa0-ytranscript.txt
2025-06-12,054/2025,Dudu do Resgate,Não identificado,N/A,"Amanda, André do Gás, Bruninho Almeida, Cacau Repórter, Caio Perfister, Calé, Dudu do Resgate, Diego Barbosa, Fabinho Filé, Fidel Faria, Igor Faraco, João Miguel, Luciano Santos, Márcia Valentim, Marcos Rangel, Maurício Lopes, Paulinho Nogueira, Érica Marra",video-9WnNBpuIIa0-ytranscript.txt
2025-06-12,173/2025,Fidel Faria,Não identificado,N/A,"Amanda, André do Gás, Bruninho Almeida, Cacau Repórter, Caio Perfister, Calé, Dudu do Resgate, Diego Barbosa, Fabinho Filé, Fidel Faria, Igor Faraco, João Miguel, Luciano Santos, Márcia Valentim, Marcos Rangel, Maurício Lopes, Paulinho Nogueira, Érica Marra",video-9WnNBpuIIa0-ytranscript.txt
2025-06-12,164/2025,Cacau Repórter,Não identificado,N/A,"Amanda, André do Gás, Bruninho Almeida, Cacau Repórter, Caio Perfister, Calé, Dudu do Resgate, Diego Barbosa, Fabinho Filé, Fidel Faria, Igor Faraco, João Miguel, Luciano Santos, Márcia Valentim, Marcos Rangel, Maurício Lopes, Paulinho Nogueira, Érica Marra",video-9WnNBpuIIa0-ytranscript.txt
2025-06-12,166/2025,Cacau Repórter,Não identificado,N/A,"Amanda, André do Gás, Bruninho Almeida, Cacau Repórter, Caio Perfister, Calé, Dudu do Resgate, Diego Barbosa, Fabinho Filé, Fidel Faria, Igor Faraco, João Miguel, Luciano Santos, Márcia Valentim, Marcos Rangel, Maurício Lopes, Paulinho Nogueira, Érica Marra",video-9WnNBpuIIa0-ytranscript.txt
2025-06-12,163/2025,Fidel Faria,Não identificado,N/A,"Amanda, André do Gás, Bruninho Almeida, Cacau Repórter, Caio Perfister, Calé, Dudu do Resgate, Diego Barbosa, Fabinho Filé, Fidel Faria, Igor Faraco, João Miguel, Luciano Santos, Márcia Valentim, Marcos Rangel, Maurício Lopes, Paulinho Nogueira, Érica Marra",video-9WnNBpuIIa0-ytranscript.txt
2025-06-12,098/2025,Amanda,Não identificado,N/A,"Amanda, André do Gás, Bruninho Almeida, Cacau Repórter, Caio Perfister, Calé, Dudu do Resgate, Diego Barbosa, Fabinho Filé, Fidel Faria, Igor Faraco, João Miguel, Luciano Santos, Márcia Valentim, Marcos Rangel, Maurício Lopes, Paulinho Nogueira, Érica Marra",video-9WnNBpuIIa0-ytranscript.txt
2025-06-12,154/2025,Dudu do Resgate,Não identificado,N/A,"Amanda, André do Gás, Bruninho Almeida, Cacau Repórter, Caio Perfister, Calé, Dudu do Resgate, Diego Barbosa, Fabinho Filé, Fidel Faria, Igor Faraco, João Miguel, Luciano Santos, Márcia Valentim, Marcos Rangel, Maurício Lopes, Paulinho Nogueira, Érica Marra",video-9WnNBpuIIa0-ytranscript.txt
2025-06-12,162/2025,Fidel Faria,Não identificado,N/A,"Amanda, André do Gás, Bruninho Almeida, Cacau Repórter, Caio Perfister, Calé, Dudu do Resgate, Diego Barbosa, Fabinho Filé, Fidel Faria, Igor Faraco, João Miguel, Luciano Santos, Márcia Valentim, Marcos Rangel, Maurício Lopes, Paulinho Nogueira, Érica Marra",video-9WnNBpuIIa0-ytranscript.txt
2025-06-12,087/2025,Diego Barbosa,Não identificado,N/A,"Amanda, André do Gás, Bruninho Almeida, Cacau Repórter, Caio Perfister, Calé, Dudu do Resgate, Diego Barbosa, Fabinho Filé, Fidel Faria, Igor Faraco, João Miguel, Luciano Santos, Márcia Valentim, Marcos Rangel, Maurício Lopes, Paulinho Nogueira, Érica Marra",video-9WnNBpuIIa0-ytranscript.txt
2025-06-12,113/2025,Diego Barbosa,Não identificado,N/A,"Amanda, André do Gás, Bruninho Almeida, Cacau Repórter, Caio Perfister, Calé, Dudu do Resgate, Diego Barbosa, Fabinho Filé, Fidel Faria, Igor Faraco, João Miguel, Luciano Santos, Márcia Valentim, Marcos Rangel, Maurício Lopes, Paulinho Nogueira, Érica Marra",video-9WnNBpuIIa0-ytranscript.txt
2025-06-12,118/2025,Diego Barbosa,Não identificado,N/A,"Amanda, André do Gás, Bruninho Almeida, Cacau Repórter, Caio Perfister, Calé, Dudu do Resgate, Diego Barbosa, Fabinho Filé, Fidel Faria, Igor Faraco, João Miguel, Luciano Santos, Márcia Valentim, Marcos Rangel, Maurício Lopes, Paulinho Nogueira, Érica Marra",video-9WnNBpuIIa0-ytranscript.txt
2025-06-12,123/2025,Diego Barbosa,Não identificado,N/A,"Amanda, André do Gás, Bruninho Almeida, Cacau Repórter, Caio Perfister, Calé, Dudu do Resgate, Diego Barbosa, Fabinho Filé, Fidel Faria, Igor Faraco, João Miguel, Luciano Santos, Márcia Valentim, Marcos Rangel, Maurício Lopes, Paulinho Nogueira, Érica Marra",video-9WnNBpuIIa0-ytranscript.txt
2025-06-12,122/2025,Diego Barbosa,Não identificado,N/A,"Amanda, André do Gás, Bruninho Almeida, Cacau Repórter, Caio Perfister, Calé, Dudu do Resgate, Diego Barbosa, Fabinho Filé, Fidel Faria, Igor Faraco, João Miguel, Luciano Santos, Márcia Valentim, Marcos Rangel, Maurício Lopes, Paulinho Nogueira, Érica Marra",video-9WnNBpuIIa0-ytranscript.txt
2025-06-12,141/2025,Diego Barbosa,Não identificado,N/A,"Amanda, André do Gás, Bruninho Almeida, Cacau Repórter, Caio Perfister, Calé, Dudu do Resgate, Diego Barbosa, Fabinho Filé, Fidel Faria, Igor Faraco, João Miguel, Luciano Santos, Márcia Valentim, Marcos Rangel, Maurício Lopes, Paulinho Nogueira, Érica Marra",video-9WnNBpuIIa0-ytranscript.txt
2025-06-12,142/2025,Érica Marra,Não identificado,N/A,"Amanda, André do Gás, Bruninho Almeida, Cacau Repórter, Caio Perfister, Calé, Dudu do Resgate, Diego Barbosa, Fabinho Filé, Fidel Faria, Igor Faraco, João Miguel, Luciano Santos, Márcia Valentim, Marcos Rangel, Maurício Lopes, Paulinho Nogueira, Érica Marra",video-9WnNBpuIIa0-ytranscript.txt
2025-06-12,171/2025,Érica Marra,Não identificado,N/A,"Amanda, André do Gás, Bruninho Almeida, Cacau Repórter, Caio Perfister, Calé, Dudu do Resgate, Diego Barbosa, Fabinho Filé, Fidel Faria, Igor Faraco, João Miguel, Luciano Santos, Márcia Valentim, Marcos Rangel, Maurício Lopes, Paulinho Nogueira, Érica Marra",video-9WnNBpuIIa0-ytranscript.txt
2025-06-12,134/2025,Érica Marra,Não identificado,N/A,"Amanda, André do Gás, Bruninho Almeida, Cacau Repórter, Caio Perfister, Calé, Dudu do Resgate, Diego Barbosa, Fabinho Filé, Fidel Faria, Igor Faraco, João Miguel, Luciano Santos, Márcia Valentim, Marcos Rangel, Maurício Lopes, Paulinho Nogueira, Érica Marra",video-9WnNBpuIIa0-ytranscript.txt
2025-06-12,172/2025,Fidel Faria,Não identificado,N/A,"Amanda, André do Gás, Bruninho Almeida, Cacau Repórter, Caio Perfister, Calé, Dudu do Resgate, Diego Barbosa, Fabinho Filé, Fidel Faria, Igor Faraco, João Miguel, Luciano Santos, Márcia Valentim, Marcos Rangel, Maurício Lopes, Paulinho Nogueira, Érica Marra",video-9WnNBpuIIa0-ytranscript.txt
2025-06-12,156/2025,Amanda,Não identificado,N/A,"Amanda, André do Gás, Bruninho Almeida, Cacau Repórter, Caio Perfister, Calé, Dudu do Resgate, Diego Barbosa, Fabinho Filé, Fidel Faria, Igor Faraco, João Miguel, Luciano Santos, Márcia Valentim, Marcos Rangel, Maurício Lopes, Paulinho Nogueira, Érica Marra",video-9WnNBpuIIa0-ytranscript.txt
2025-06-12,152/2025,Dudu do Resgate,Não identificado,N/A,"Amanda, André do Gás, Bruninho Almeida, Cacau Repórter, Caio Perfister, Calé, Dudu do Resgate, Diego Barbosa, Fabinho Filé, Fidel Faria, Igor Faraco, João Miguel, Luciano Santos, Márcia Valentim, Marcos Rangel, Maurício Lopes, Paulinho Nogueira, Érica Marra",video-9WnNBpuIIa0-ytranscript.txt
2025-06-12,151/2025,Cacau Repórter,Não identificado,N/A,"Amanda, André do Gás, Bruninho Almeida, Cacau Repórter, Caio Perfister, Calé, Dudu do Resgate, Diego Barbosa, Fabinho Filé, Fidel Faria, Igor Faraco, João Miguel, Luciano Santos, Márcia Valentim, Marcos Rangel, Maurício Lopes, Paulinho Nogueira, Érica Marra",video-9WnNBpuIIa0-ytranscript.txt
2025-06-12,139/2025,Cacau Repórter,Não identificado,N/A,"Amanda, André do Gás, Bruninho Almeida, Cacau Repórter, Caio Perfister, Calé, Dudu do Resgate, Diego Barbosa, Fabinho Filé, Fidel Faria, Igor Faraco, João Miguel, Luciano Santos, Márcia Valentim, Marcos Rangel, Maurício Lopes, Paulinho Nogueira, Érica Marra",video-9WnNBpuIIa0-ytranscript.txt
2025-06-12,116/2025,Cacau Repórter,Não identificado,N/A,"Amanda, André do Gás, Bruninho Almeida, Cacau Repórter, Caio Perfister, Calé, Dudu do Resgate, Diego Barbosa, Fabinho Filé, Fidel Faria, Igor Faraco, João Miguel, Luciano Santos, Márcia Valentim, Marcos Rangel, Maurício Lopes, Paulinho Nogueira, Érica Marra",video-9WnNBpuIIa0-ytranscript.txt
2025-06-12,112/2025,Érica Marra,Não identificado,N/A,"Amanda, André do Gás, Bruninho Almeida, Cacau Repórter, Caio Perfister, Calé, Dudu do Resgate, Diego Barbosa, Fabinho Filé, Fidel Faria, Igor Faraco, João Miguel, Luciano Santos, Márcia Valentim, Marcos Rangel, Maurício Lopes, Paulinho Nogueira, Érica Marra",video-9WnNBpuIIa0-ytranscript.txt
2025-06-12,111/2025,Cacau Repórter,Não identificado,N/A,"Amanda, André do Gás, Bruninho Almeida, Cacau Repórter, Caio Perfister, Calé, Dudu do Resgate, Diego Barbosa, Fabinho Filé, Fidel Faria, Igor Faraco, João Miguel, Luciano Santos, Márcia Valentim, Marcos Rangel, Maurício Lopes, Paulinho Nogueira, Érica Marra",video-9WnNBpuIIa0-ytranscript.txt
2025-06-12,109/2025,Cacau Repórter,Não identificado,N/A,"Amanda, André do Gás, Bruninho Almeida, Cacau Repórter, Caio Perfister, Calé, Dudu do Resgate, Diego Barbosa, Fabinho Filé, Fidel Faria, Igor Faraco, João Miguel, Luciano Santos, Márcia Valentim, Marcos Rangel, Maurício Lopes, Paulinho Nogueira, Érica Marra",video-9WnNBpuIIa0-ytranscript.txt
2025-06-12,016/2025,Dudu do Resgate,Não identificado,N/A,"Amanda, André do Gás, Bruninho Almeida, Cacau Repórter, Caio Perfister, Calé, Dudu do Resgate, Diego Barbosa, Fabinho Filé, Fidel Faria, Igor Faraco, João Miguel, Luciano Santos, Márcia Valentim, Marcos Rangel, Maurício Lopes, Paulinho Nogueira, Érica Marra",video-9WnNBpuIIa0-ytranscript.txt
2025-06-12,120/2025,Márcia Valentim,Não identificado,N/A,"Amanda, André do Gás, Bruninho Almeida, Cacau Repórter, Caio Perfister, Calé, Dudu do Resgate, Diego Barbosa, Fabinho Filé, Fidel Faria, Igor Faraco, João Miguel, Luciano Santos, Márcia Valentim, Marcos Rangel, Maurício Lopes, Paulinho Nogueira, Érica Marra",video-9WnNBpuIIa0-ytranscript.txt
2025-06-12,114/2025,Cacau Repórter,Não identificado,N/A,"Amanda, André do Gás, Bruninho Almeida, Cacau Repórter, Caio Perfister, Calé, Dudu do Resgate, Diego Barbosa, Fabinho Filé, Fidel Faria, Igor Faraco, João Miguel, Luciano Santos, Márcia Valentim, Marcos Rangel, Maurício Lopes, Paulinho Nogueira, Érica Marra",video-9WnNBpuIIa0-ytranscript.txt
2025-06-24,108/2025,Paulinho Nogueira,Não identificado,N/A,"Amanda, André do Gás, Bruninho Almeida, Cacau Repórter, Caio Perfister, Calé, Dudu do Resgate, Diego Barbosa, Fabinho Filé, Fidel Faria, Igor Faraco, João Miguel, Luciano Santos, Marcos Rangel, Maurício Lopes, Paulinho Nogueira, Vitinho Nogueira",video-TgmiFJBXdpU-ytranscript.txt
2025-06-24,087/2025,Diego Barbosa,Aprovado (Votação Simbólica),N/A,"Amanda, André do Gás, Bruninho Almeida, Cacau Repórter, Caio Perfister, Calé, Dudu do Resgate, Diego Barbosa, Fabinho Filé, Fidel Faria, Igor Faraco, João Miguel, Luciano Santos, Marcos Rangel, Maurício Lopes, Paulinho Nogueira, Vitinho Nogueira",video-TgmiFJBXdpU-ytranscript.txt
2025-06-24,092/2025,Márcia Valentim,Aprovado (Votação Simbólica),N/A,"Amanda, André do Gás, Bruninho Almeida, Cacau Repórter, Caio Perfister, Calé, Dudu do Resgate, Diego Barbosa, Fabinho Filé, Fidel Faria, Igor Faraco, João Miguel, Luciano Santos, Marcos Rangel, Maurício Lopes, Paulinho Nogueira, Vitinho Nogueira",video-TgmiFJBXdpU-ytranscript.txt
2025-06-24,106/2025,Márcia Valentim,Não identificado,N/A,"Amanda, André do Gás, Bruninho Almeida, Cacau Repórter, Caio Perfister, Calé, Dudu do Resgate, Diego Barbosa, Fabinho Filé, Fidel Faria, Igor Faraco, João Miguel, Luciano Santos, Marcos Rangel, Maurício Lopes, Paulinho Nogueira, Vitinho Nogueira",video-TgmiFJBXdpU-ytranscript.txt
2025-06-24,107/2025,Márcia Valentim,Não identificado,N/A,"Amanda, André do Gás, Bruninho Almeida, Cacau Repórter, Caio Perfister, Calé, Dudu do Resgate, Diego Barbosa, Fabinho Filé, Fidel Faria, Igor Faraco, João Miguel, Luciano Santos, Marcos Rangel, Maurício Lopes, Paulinho Nogueira, Vitinho Nogueira",video-TgmiFJBXdpU-ytranscript.txt
2025-06-24,123/2025,Diego Barbosa,Não identificado,N/A,"Amanda, André do Gás, Bruninho Almeida, Cacau Repórter, Caio Perfister, Calé, Dudu do Resgate, Diego Barbosa, Fabinho Filé, Fidel Faria, Igor Faraco, João Miguel, Luciano Santos, Marcos Rangel, Maurício Lopes, Paulinho Nogueira, Vitinho Nogueira",video-TgmiFJBXdpU-ytranscript.txt
2025-06-24,127/2025,Paulinho Nogueira,Não identificado,N/A,"Amanda, André do Gás, Bruninho Almeida, Cacau Repórter, Caio Perfister, Calé, Dudu do Resgate, Diego Barbosa, Fabinho Filé, Fidel Faria, Igor Faraco, João Miguel, Luciano Santos, Marcos Rangel, Maurício Lopes, Paulinho Nogueira, Vitinho Nogueira",video-TgmiFJBXdpU-ytranscript.txt
2025-06-24,077/2025,Diego Barbosa,Aprovado (Votação Simbólica),N/A,"Amanda, André do Gás, Bruninho Almeida, Cacau Repórter, Caio Perfister, Calé, Dudu do Resgate, Diego Barbosa, Fabinho Filé, Fidel Faria, Igor Faraco, João Miguel, Luciano Santos, Marcos Rangel, Maurício Lopes, Paulinho Nogueira, Vitinho Nogueira",video-TgmiFJBXdpU-ytranscript.txt
2025-06-24,134/2025,Caio Perfister,Não identificado,N/A,"Amanda, André do Gás, Bruninho Almeida, Cacau Repórter, Caio Perfister, Calé, Dudu do Resgate, Diego Barbosa, Fabinho Filé, Fidel Faria, Igor Faraco, João Miguel, Luciano Santos, Marcos Rangel, Maurício Lopes, Paulinho Nogueira, Vitinho Nogueira",video-TgmiFJBXdpU-ytranscript.txt
2025-06-24,157/2025,Márcia Valentim,Não identificado,N/A,"Amanda, André do Gás, Bruninho Almeida, Cacau Repórter, Caio Perfister, Calé, Dudu do Resgate, Diego Barbosa, Fabinho Filé, Fidel Faria, Igor Faraco, João Miguel, Luciano Santos, Marcos Rangel, Maurício Lopes, Paulinho Nogueira, Vitinho Nogueira",video-TgmiFJBXdpU-ytranscript.txt
2025-06-24,135/2025,Caio Perfister,Não identificado,N/A,"Amanda, André do Gás, Bruninho Almeida, Cacau Repórter, Caio Perfister, Calé, Dudu do Resgate, Diego Barbosa, Fabinho Filé, Fidel Faria, Igor Faraco, João Miguel, Luciano Santos, Marcos Rangel, Maurício Lopes, Paulinho Nogueira, Vitinho Nogueira",video-TgmiFJBXdpU-ytranscript.txt
2025-06-24,194/2025,Luciano Santos,Aprovado (Votação Simbólica),N/A,"Amanda, André do Gás, Bruninho Almeida, Cacau Repórter, Caio Perfister, Calé, Dudu do Resgate, Diego Barbosa, Fabinho Filé, Fidel Faria, Igor Faraco, João Miguel, Luciano Santos, Marcos Rangel, Maurício Lopes, Paulinho Nogueira, Vitinho Nogueira",video-TgmiFJBXdpU-ytranscript.txt
2025-06-24,192/2025,Luciano Santos,Em Discussão,N/A,"Amanda, André do Gás, Bruninho Almeida, Cacau Repórter, Caio Perfister, Calé, Dudu do Resgate, Diego Barbosa, Fabinho Filé, Fidel Faria, Igor Faraco, João Miguel, Luciano Santos, Marcos Rangel, Maurício Lopes, Paulinho Nogueira, Vitinho Nogueira",video-TgmiFJBXdpU-ytranscript.txt
2025-06-24,187/2025,Érica Marra,Em Discussão,N/A,"Amanda, André do Gás, Bruninho Almeida, Cacau Repórter, Caio Perfister, Calé, Dudu do Resgate, Diego Barbosa, Fabinho Filé, Fidel Faria, Igor Faraco, João Miguel, Luciano Santos, Marcos Rangel, Maurício Lopes, Paulinho Nogueira, Vitinho Nogueira",video-TgmiFJBXdpU-ytranscript.txt
2025-06-24,186/2025,Érica Marra,Não identificado,N/A,"Amanda, André do Gás, Bruninho Almeida, Cacau Repórter, Caio Perfister, Calé, Dudu do Resgate, Diego Barbosa, Fabinho Filé, Fidel Faria, Igor Faraco, João Miguel, Luciano Santos, Marcos Rangel, Maurício Lopes, Paulinho Nogueira, Vitinho Nogueira",video-TgmiFJBXdpU-ytranscript.txt
2025-06-24,184/2025,Érica Marra,Não identificado,N/A,"Amanda, André do Gás, Bruninho Almeida, Cacau Repórter, Caio Perfister, Calé, Dudu do Resgate, Diego Barbosa, Fabinho Filé, Fidel Faria, Igor Faraco, João Miguel, Luciano Santos, Marcos Rangel, Maurício Lopes, Paulinho Nogueira, Vitinho Nogueira",video-TgmiFJBXdpU-ytranscript.txt
2025-06-24,177/2025,Paulinho Nogueira,Não identificado,N/A,"Amanda, André do Gás, Bruninho Almeida, Cacau Repórter, Caio Perfister, Calé, Dudu do Resgate, Diego Barbosa, Fabinho Filé, Fidel Faria, Igor Faraco, João Miguel, Luciano Santos, Marcos Rangel, Maurício Lopes, Paulinho Nogueira, Vitinho Nogueira",video-TgmiFJBXdpU-ytranscript.txt
2025-06-24,190/2025,Érica Marra,Em Discussão,N/A,"Amanda, André do Gás, Bruninho Almeida, Cacau Repórter, Caio Perfister, Calé, Dudu do Resgate, Diego Barbosa, Fabinho Filé, Fidel Faria, Igor Faraco, João Miguel, Luciano Santos, Marcos Rangel, Maurício Lopes, Paulinho Nogueira, Vitinho Nogueira",video-TgmiFJBXdpU-ytranscript.txt
2025-08-07,214/2025,Vitinho Nogueira,Aprovado (Votação Simbólica),N/A,"Amanda, André do Gás, Cacau Repórter, Caio Perfister, Calé, Dudu do Resgate, Diego Barbosa, Fabinho Filé, Fidel Faria, Igor Faraco, João Miguel, Luciano Santos, Márcia Valentim, Marcos Rangel, Maurício Lopes, Paulinho Nogueira, Érica Marra",video-eiJLlMrhhGI-ytranscript.txt
2025-08-07,211/2025,Márcia Valentim,Aprovado (Votação Simbólica),N/A,"Amanda, André do Gás, Cacau Repórter, Caio Perfister, Calé, Dudu do Resgate, Diego Barbosa, Fabinho Filé, Fidel Faria, Igor Faraco, João Miguel, Luciano Santos, Márcia Valentim, Marcos Rangel, Maurício Lopes, Paulinho Nogueira, Érica Marra",video-eiJLlMrhhGI-ytranscript.txt
2025-08-07,209/2025,João Miguel,Encaminhado para Comissão,N/A,"Amanda, André do Gás, Cacau Repórter, Caio Perfister, Calé, Dudu do Resgate, Diego Barbosa, Fabinho Filé, Fidel Faria, Igor Faraco, João Miguel, Luciano Santos, Márcia Valentim, Marcos Rangel, Maurício Lopes, Paulinho Nogueira, Érica Marra",video-eiJLlMrhhGI-ytranscript.txt
2025-08-07,208/2025,Fabinho Filé,Não identificado,N/A,"Amanda, André do Gás, Cacau Repórter, Caio Perfister, Calé, Dudu do Resgate, Diego Barbosa, Fabinho Filé, Fidel Faria, Igor Faraco, João Miguel, Luciano Santos, Márcia Valentim, Marcos Rangel, Maurício Lopes, Paulinho Nogueira, Érica Marra",video-eiJLlMrhhGI-ytranscript.txt
2025-08-07,206/2025,Fabinho Filé,Não identificado,N/A,"Amanda, André do Gás, Cacau Repórter, Caio Perfister, Calé, Dudu do Resgate, Diego Barbosa, Fabinho Filé, Fidel Faria, Igor Faraco, João Miguel, Luciano Santos, Márcia Valentim, Marcos Rangel, Maurício Lopes, Paulinho Nogueira, Érica Marra",video-eiJLlMrhhGI-ytranscript.txt
2025-08-07,204/2025,Dudu do Resgate,Aprovado (Votação Simbólica),N/A,"Amanda, André do Gás, Cacau Repórter, Caio Perfister, Calé, Dudu do Resgate, Diego Barbosa, Fabinho Filé, Fidel Faria, Igor Faraco, João Miguel, Luciano Santos, Márcia Valentim, Marcos Rangel, Maurício Lopes, Paulinho Nogueira, Érica Marra",video-eiJLlMrhhGI-ytranscript.txt
2025-08-07,203/2025,Calé,Aprovado (Votação Simbólica),N/A,"Amanda, André do Gás, Cacau Repórter, Caio Perfister, Calé, Dudu do Resgate, Diego Barbosa, Fabinho Filé, Fidel Faria, Igor Faraco, João Miguel, Luciano Santos, Márcia Valentim, Marcos Rangel, Maurício Lopes, Paulinho Nogueira, Érica Marra",video-eiJLlMrhhGI-ytranscript.txt
2025-08-07,202/2025,Amanda,Aprovado (Votação Simbólica),N/A,"Amanda, André do Gás, Cacau Repórter, Caio Perfister, Calé, Dudu do Resgate, Diego Barbosa, Fabinho Filé, Fidel Faria, Igor Faraco, João Miguel, Luciano Santos, Márcia Valentim, Marcos Rangel, Maurício Lopes, Paulinho Nogueira, Érica Marra",video-eiJLlMrhhGI-ytranscript.txt
2025-08-07,197/2025,Marcos Rangel,Aprovado (Votação Simbólica),N/A,"Amanda, André do Gás, Cacau Repórter, Caio Perfister, Calé, Dudu do Resgate, Diego Barbosa, Fabinho Filé, Fidel Faria, Igor Faraco, João Miguel, Luciano Santos, Márcia Valentim, Marcos Rangel, Maurício Lopes, Paulinho Nogueira, Érica Marra",video-eiJLlMrhhGI-ytranscript.txt
2025-08-12,217/2025,Amanda,Encaminhado para Comissão,N/A,Chamada não identificada,video-oxLspHRq6fo-ytranscript.txt
2025-08-12,219/2025,Caio Perfister,Aprovado (Votação Simbólica),N/A,Chamada não identificada,video-oxLspHRq6fo-ytranscript.txt
2025-08-12,224/2025,Paulinho Nogueira,Aprovado (Votação Simbólica),N/A,Chamada não identificada,video-oxLspHRq6fo-ytranscript.txt
2025-08-12,223/2025,Paulinho Nogueira,Aprovado (Votação Simbólica),N/A,Chamada não identificada,video-oxLspHRq6fo-ytranscript.txt
2025-08-12,222/2025,João Miguel,Aprovado (Votação Simbólica),N/A,Chamada não identificada,video-oxLspHRq6fo-ytranscript.txt
2025-08-12,221/2025,João Miguel,Aprovado (Votação Simbólica),N/A,Chamada não identificada,video-oxLspHRq6fo-ytranscript.txt
2025-08-12,220/2025,Igor Faraco,Aprovado (Votação Simbólica),N/A,Chamada não identificada,video-oxLspHRq6fo-ytranscript.txt
2025-08-12,218/2025,Caio Perfister,Aprovado (Votação Simbólica),N/A,Chamada não identificada,video-oxLspHRq6fo-ytranscript.txt
2025-08-14,206/2025,Dudu do Resgate,Não identificado,N/A,"Amanda, André do Gás, Bruninho Almeida, Cacau Repórter, Caio Perfister, Calé, Dudu do Resgate, Diego Barbosa, Fabinho Filé, Fidel Faria, Igor Faraco, João Miguel, Luciano Santos, Márcia Valentim, Marcos Rangel, Maurício Lopes, Paulinho Nogueira, Totó, Vitinho Nogueira",video-kq5yMxcqBpI-ytranscript.txt
2025-08-14,208/2025,Caio Perfister,Não identificado,N/A,"Amanda, André do Gás, Bruninho Almeida, Cacau Repórter, Caio Perfister, Calé, Dudu do Resgate, Diego Barbosa, Fabinho Filé, Fidel Faria, Igor Faraco, João Miguel, Luciano Santos, Márcia Valentim, Marcos Rangel, Maurício Lopes, Paulinho Nogueira, Totó, Vitinho Nogueira",video-kq5yMxcqBpI-ytranscript.txt
2025-08-14,210/2025,Caio Perfister,Não identificado,N/A,"Amanda, André do Gás, Bruninho Almeida, Cacau Repórter, Caio Perfister, Calé, Dudu do Resgate, Diego Barbosa, Fabinho Filé, Fidel Faria, Igor Faraco, João Miguel, Luciano Santos, Márcia Valentim, Marcos Rangel, Maurício Lopes, Paulinho Nogueira, Totó, Vitinho Nogueira",video-kq5yMxcqBpI-ytranscript.txt
2025-08-14,200/2025,Dudu do Resgate,Não identificado,N/A,"Amanda, André do Gás, Bruninho Almeida, Cacau Repórter, Caio Perfister, Calé, Dudu do Resgate, Diego Barbosa, Fabinho Filé, Fidel Faria, Igor Faraco, João Miguel, Luciano Santos, Márcia Valentim, Marcos Rangel, Maurício Lopes, Paulinho Nogueira, Totó, Vitinho Nogueira",video-kq5yMxcqBpI-ytranscript.txt
2025-08-14,214/2025,Luciano Santos,Não identificado,N/A,"Amanda, André do Gás, Bruninho Almeida, Cacau Repórter, Caio Perfister, Calé, Dudu do Resgate, Diego Barbosa, Fabinho Filé, Fidel Faria, Igor Faraco, João Miguel, Luciano Santos, Márcia Valentim, Marcos Rangel, Maurício Lopes, Paulinho Nogueira, Totó, Vitinho Nogueira",video-kq5yMxcqBpI-ytranscript.txt
2025-08-14,213/2025,Caio Perfister,Não identificado,N/A,"Amanda, André do Gás, Bruninho Almeida, Cacau Repórter, Caio Perfister, Calé, Dudu do Resgate, Diego Barbosa, Fabinho Filé, Fidel Faria, Igor Faraco, João Miguel, Luciano Santos, Márcia Valentim, Marcos Rangel, Maurício Lopes, Paulinho Nogueira, Totó, Vitinho Nogueira",video-kq5yMxcqBpI-ytranscript.txt
2025-08-14,197/2025,Marcos Rangel,Não identificado,N/A,"Amanda, André do Gás, Bruninho Almeida, Cacau Repórter, Caio Perfister, Calé, Dudu do Resgate, Diego Barbosa, Fabinho Filé, Fidel Faria, Igor Faraco, João Miguel, Luciano Santos, Márcia Valentim, Marcos Rangel, Maurício Lopes, Paulinho Nogueira, Totó, Vitinho Nogueira",video-kq5yMxcqBpI-ytranscript.txt
2025-08-14,203/2025,Calé,Não identificado,N/A,"Amanda, André do Gás, Bruninho Almeida, Cacau Repórter, Caio Perfister, Calé, Dudu do Resgate, Diego Barbosa, Fabinho Filé, Fidel Faria, Igor Faraco, João Miguel, Luciano Santos, Márcia Valentim, Marcos Rangel, Maurício Lopes, Paulinho Nogueira, Totó, Vitinho Nogueira",video-kq5yMxcqBpI-ytranscript.txt
2025-08-14,234/2025,João Miguel,Não identificado,N/A,"Amanda, André do Gás, Bruninho Almeida, Cacau Repórter, Caio Perfister, Calé, Dudu do Resgate, Diego Barbosa, Fabinho Filé, Fidel Faria, Igor Faraco, João Miguel, Luciano Santos, Márcia Valentim, Marcos Rangel, Maurício Lopes, Paulinho Nogueira, Totó, Vitinho Nogueira",video-kq5yMxcqBpI-ytranscript.txt
2025-08-14,199/2025,Dudu do Resgate,Não identificado,N/A,"Amanda, André do Gás, Bruninho Almeida, Cacau Repórter, Caio Perfister, Calé, Dudu do Resgate, Diego Barbosa, Fabinho Filé, Fidel Faria, Igor Faraco, João Miguel, Luciano Santos, Márcia Valentim, Marcos Rangel, Maurício Lopes, Paulinho Nogueira, Totó, Vitinho Nogueira",video-kq5yMxcqBpI-ytranscript.txt
2025-08-14,232/2025,Calé,Aprovado (Votação Simbólica),N/A,"Amanda, André do Gás, Bruninho Almeida, Cacau Repórter, Caio Perfister, Calé, Dudu do Resgate, Diego Barbosa, Fabinho Filé, Fidel Faria, Igor Faraco, João Miguel, Luciano Santos, Márcia Valentim, Marcos Rangel, Maurício Lopes, Paulinho Nogueira, Totó, Vitinho Nogueira",video-kq5yMxcqBpI-ytranscript.txt
2025-08-14,237/2025,Caio Perfister,Aprovado (Votação Simbólica),N/A,"Amanda, André do Gás, Bruninho Almeida, Cacau Repórter, Caio Perfister, Calé, Dudu do Resgate, Diego Barbosa, Fabinho Filé, Fidel Faria, Igor Faraco, João Miguel, Luciano Santos, Márcia Valentim, Marcos Rangel, Maurício Lopes, Paulinho Nogueira, Totó, Vitinho Nogueira",video-kq5yMxcqBpI-ytranscript.txt
2025-08-14,229/2025,André do Gás,Aprovado (Votação Simbólica),N/A,"Amanda, André do Gás, Bruninho Almeida, Cacau Repórter, Caio Perfister, Calé, Dudu do Resgate, Diego Barbosa, Fabinho Filé, Fidel Faria, Igor Faraco, João Miguel, Luciano Santos, Márcia Valentim, Marcos Rangel, Maurício Lopes, Paulinho Nogueira, Totó, Vitinho Nogueira",video-kq5yMxcqBpI-ytranscript.txt
2025-08-14,209/2025,João Miguel,Em Discussão,N/A,"Amanda, André do Gás, Bruninho Almeida, Cacau Repórter, Caio Perfister, Calé, Dudu do Resgate, Diego Barbosa, Fabinho Filé, Fidel Faria, Igor Faraco, João Miguel, Luciano Santos, Márcia Valentim, Marcos Rangel, Maurício Lopes, Paulinho Nogueira, Totó, Vitinho Nogueira",video-kq5yMxcqBpI-ytranscript.txt
2025-08-14,233/2025,Dudu do Resgate,Não identificado,N/A,"Amanda, André do Gás, Bruninho Almeida, Cacau Repórter, Caio Perfister, Calé, Dudu do Resgate, Diego Barbosa, Fabinho Filé, Fidel Faria, Igor Faraco, João Miguel, Luciano Santos, Márcia Valentim, Marcos Rangel, Maurício Lopes, Paulinho Nogueira, Totó, Vitinho Nogueira",video-kq5yMxcqBpI-ytranscript.txt
2025-08-18,223/2025,Calé,Aprovado (Votação Simbólica),N/A,"Amanda, André do Gás, Bruninho Almeida, Cacau Repórter, Caio Perfister, Calé, Dudu do Resgate, Diego Barbosa, Fabinho Filé, Fidel Faria, Igor Faraco, João Miguel, Luciano Santos, Márcia Valentim, Marcos Rangel, Maurício Lopes, Paulinho Nogueira, Totó, Vitinho Nogueira",video-HCqLAjXnDAY-ytranscript.txt
2025-08-18,203/2025,Calé,Aprovado (Votação Simbólica),N/A,"Amanda, André do Gás, Bruninho Almeida, Cacau Repórter, Caio Perfister, Calé, Dudu do Resgate, Diego Barbosa, Fabinho Filé, Fidel Faria, Igor Faraco, João Miguel, Luciano Santos, Márcia Valentim, Marcos Rangel, Maurício Lopes, Paulinho Nogueira, Totó, Vitinho Nogueira",video-HCqLAjXnDAY-ytranscript.txt
2025-08-18,207/2025,Caio Perfister,Aprovado (Votação Simbólica),N/A,"Amanda, André do Gás, Bruninho Almeida, Cacau Repórter, Caio Perfister, Calé, Dudu do Resgate, Diego Barbosa, Fabinho Filé, Fidel Faria, Igor Faraco, João Miguel, Luciano Santos, Márcia Valentim, Marcos Rangel, Maurício Lopes, Paulinho Nogueira, Totó, Vitinho Nogueira",video-HCqLAjXnDAY-ytranscript.txt
2025-08-18,225/2025,Sandrinho,Aprovado (Votação Simbólica),N/A,"Amanda, André do Gás, Bruninho Almeida, Cacau Repórter, Caio Perfister, Calé, Dudu do Resgate, Diego Barbosa, Fabinho Filé, Fidel Faria, Igor Faraco, João Miguel, Luciano Santos, Márcia Valentim, Marcos Rangel, Maurício Lopes, Paulinho Nogueira, Totó, Vitinho Nogueira",video-HCqLAjXnDAY-ytranscript.txt
2025-08-18,242/2025,Luciano Santos,Aprovado (Votação Simbólica),N/A,"Amanda, André do Gás, Bruninho Almeida, Cacau Repórter, Caio Perfister, Calé, Dudu do Resgate, Diego Barbosa, Fabinho Filé, Fidel Faria, Igor Faraco, João Miguel, Luciano Santos, Márcia Valentim, Marcos Rangel, Maurício Lopes, Paulinho Nogueira, Totó, Vitinho Nogueira",video-HCqLAjXnDAY-ytranscript.txt
2025-08-18,243/2025,Sandrinho,Aprovado (Votação Simbólica),N/A,"Amanda, André do Gás, Bruninho Almeida, Cacau Repórter, Caio Perfister, Calé, Dudu do Resgate, Diego Barbosa, Fabinho Filé, Fidel Faria, Igor Faraco, João Miguel, Luciano Santos, Márcia Valentim, Marcos Rangel, Maurício Lopes, Paulinho Nogueira, Totó, Vitinho Nogueira",video-HCqLAjXnDAY-ytranscript.txt
2025-08-18,244/2025,Sandrinho,Aprovado (Votação Simbólica),N/A,"Amanda, André do Gás, Bruninho Almeida, Cacau Repórter, Caio Perfister, Calé, Dudu do Resgate, Diego Barbosa, Fabinho Filé, Fidel Faria, Igor Faraco, João Miguel, Luciano Santos, Márcia Valentim, Marcos Rangel, Maurício Lopes, Paulinho Nogueira, Totó, Vitinho Nogueira",video-HCqLAjXnDAY-ytranscript.txt
2025-08-18,241/2025,Calé,Aprovado (Votação Simbólica),N/A,"Amanda, André do Gás, Bruninho Almeida, Cacau Repórter, Caio Perfister, Calé, Dudu do Resgate, Diego Barbosa, Fabinho Filé, Fidel Faria, Igor Faraco, João Miguel, Luciano Santos, Márcia Valentim, Marcos Rangel, Maurício Lopes, Paulinho Nogueira, Totó, Vitinho Nogueira",video-HCqLAjXnDAY-ytranscript.txt
2025-08-18,245/2025,Vitinho Nogueira,Aprovado (Votação Simbólica),N/A,"Amanda, André do Gás, Bruninho Almeida, Cacau Repórter, Caio Perfister, Calé, Dudu do Resgate, Diego Barbosa, Fabinho Filé, Fidel Faria, Igor Faraco, João Miguel, Luciano Santos, Márcia Valentim, Marcos Rangel, Maurício Lopes, Paulinho Nogueira, Totó, Vitinho Nogueira",video-HCqLAjXnDAY-ytranscript.txt
2025-08-19,205/2025,Caio Perfister,Não identificado,N/A,"Amanda, André do Gás, Bruninho Almeida, Cacau Repórter, Caio Perfister, Calé, Dudu do Resgate, Diego Barbosa, Fabinho Filé, Fidel Faria, Igor Faraco, João Miguel, Luciano Santos, Márcia Valentim, Marcos Rangel, Maurício Lopes, Paulinho Nogueira, Totó, Vitinho Nogueira",video-EeqUDqM_VzE-ytranscript.txt
2025-08-19,207/2025,Caio Perfister,Não identificado,N/A,"Amanda, André do Gás, Bruninho Almeida, Cacau Repórter, Caio Perfister, Calé, Dudu do Resgate, Diego Barbosa, Fabinho Filé, Fidel Faria, Igor Faraco, João Miguel, Luciano Santos, Márcia Valentim, Marcos Rangel, Maurício Lopes, Paulinho Nogueira, Totó, Vitinho Nogueira",video-EeqUDqM_VzE-ytranscript.txt
2025-08-19,219/2025,Caio Perfister,Não identificado,N/A,"Amanda, André do Gás, Bruninho Almeida, Cacau Repórter, Caio Perfister, Calé, Dudu do Resgate, Diego Barbosa, Fabinho Filé, Fidel Faria, Igor Faraco, João Miguel, Luciano Santos, Márcia Valentim, Marcos Rangel, Maurício Lopes, Paulinho Nogueira, Totó, Vitinho Nogueira",video-EeqUDqM_VzE-ytranscript.txt
2025-08-19,225/2025,Sandrinho,Em Discussão,N/A,"Amanda, André do Gás, Bruninho Almeida, Cacau Repórter, Caio Perfister, Calé, Dudu do Resgate, Diego Barbosa, Fabinho Filé, Fidel Faria, Igor Faraco, João Miguel, Luciano Santos, Márcia Valentim, Marcos Rangel, Maurício Lopes, Paulinho Nogueira, Totó, Vitinho Nogueira",video-EeqUDqM_VzE-ytranscript.txt
2025-08-19,203/2025,Calé,Aprovado (Votação Simbólica),N/A,"Amanda, André do Gás, Bruninho Almeida, Cacau Repórter, Caio Perfister, Calé, Dudu do Resgate, Diego Barbosa, Fabinho Filé, Fidel Faria, Igor Faraco, João Miguel, Luciano Santos, Márcia Valentim, Marcos Rangel, Maurício Lopes, Paulinho Nogueira, Totó, Vitinho Nogueira",video-EeqUDqM_VzE-ytranscript.txt
2025-08-19,238/2025,Cacau Repórter,Aprovado (Votação Simbólica),N/A,"Amanda, André do Gás, Bruninho Almeida, Cacau Repórter, Caio Perfister, Calé, Dudu do Resgate, Diego Barbosa, Fabinho Filé, Fidel Faria, Igor Faraco, João Miguel, Luciano Santos, Márcia Valentim, Marcos Rangel, Maurício Lopes, Paulinho Nogueira, Totó, Vitinho Nogueira",video-EeqUDqM_VzE-ytranscript.txt
2025-08-19,240/2025,Luciano Santos,Aprovado (Votação Simbólica),N/A,"Amanda, André do Gás, Bruninho Almeida, Cacau Repórter, Caio Perfister, Calé, Dudu do Resgate, Diego Barbosa, Fabinho Filé, Fidel Faria, Igor Faraco, João Miguel, Luciano Santos, Márcia Valentim, Marcos Rangel, Maurício Lopes, Paulinho Nogueira, Totó, Vitinho Nogueira",video-EeqUDqM_VzE-ytranscript.txt
2025-08-19,223/2025,Calé,Não identificado,N/A,"Amanda, André do Gás, Bruninho Almeida, Cacau Repórter, Caio Perfister, Calé, Dudu do Resgate, Diego Barbosa, Fabinho Filé, Fidel Faria, Igor Faraco, João Miguel, Luciano Santos, Márcia Valentim, Marcos Rangel, Maurício Lopes, Paulinho Nogueira, Totó, Vitinho Nogueira",video-EeqUDqM_VzE-ytranscript.txt
2025-08-21,253/2025,João Miguel,Não identificado,N/A,"Amanda, André do Gás, Bruninho Almeida, Cacau Repórter, Caio Perfister, Calé, Dudu do Resgate, Diego Barbosa, Fabinho Filé, Fidel Faria, Igor Faraco, João Miguel, Luciano Santos, Márcia Valentim, Marcos Rangel, Maurício Lopes, Paulinho Nogueira, Totó, Vitinho Nogueira",video-hw1VWiNyI-0-ytranscript.txt
2025-08-21,274/2025,Amanda,Aprovado (Votação Simbólica),N/A,"Amanda, André do Gás, Bruninho Almeida, Cacau Repórter, Caio Perfister, Calé, Dudu do Resgate, Diego Barbosa, Fabinho Filé, Fidel Faria, Igor Faraco, João Miguel, Luciano Santos, Márcia Valentim, Marcos Rangel, Maurício Lopes, Paulinho Nogueira, Totó, Vitinho Nogueira",video-hw1VWiNyI-0-ytranscript.txt
2025-08-21,277/2025,Fidel Faria,Aprovado (Votação Simbólica),N/A,"Amanda, André do Gás, Bruninho Almeida, Cacau Repórter, Caio Perfister, Calé, Dudu do Resgate, Diego Barbosa, Fabinho Filé, Fidel Faria, Igor Faraco, João Miguel, Luciano Santos, Márcia Valentim, Marcos Rangel, Maurício Lopes, Paulinho Nogueira, Totó, Vitinho Nogueira",video-hw1VWiNyI-0-ytranscript.txt
2025-08-21,275/2025,Paulinho Nogueira,Aprovado (Votação Simbólica),N/A,"Amanda, André do Gás, Bruninho Almeida, Cacau Repórter, Caio Perfister, Calé, Dudu do Resgate, Diego Barbosa, Fabinho Filé, Fidel Faria, Igor Faraco, João Miguel, Luciano Santos, Márcia Valentim, Marcos Rangel, Maurício Lopes, Paulinho Nogueira, Totó, Vitinho Nogueira",video-hw1VWiNyI-0-ytranscript.txt
2025-08-21,276/2025,Vitinho Nogueira,Aprovado (Votação Simbólica),N/A,"Amanda, André do Gás, Bruninho Almeida, Cacau Repórter, Caio Perfister, Calé, Dudu do Resgate, Diego Barbosa, Fabinho Filé, Fidel Faria, Igor Faraco, João Miguel, Luciano Santos, Márcia Valentim, Marcos Rangel, Maurício Lopes, Paulinho Nogueira, Totó, Vitinho Nogueira",video-hw1VWiNyI-0-ytranscript.txt
2025-08-21,272/2025,Vitinho Nogueira,Aprovado (Votação Simbólica),N/A,"Amanda, André do Gás, Bruninho Almeida, Cacau Repórter, Caio Perfister, Calé, Dudu do Resgate, Diego Barbosa, Fabinho Filé, Fidel Faria, Igor Faraco, João Miguel, Luciano Santos, Márcia Valentim, Marcos Rangel, Maurício Lopes, Paulinho Nogueira, Totó, Vitinho Nogueira",video-hw1VWiNyI-0-ytranscript.txt
2025-08-21,243/2025,Amanda,Não identificado,N/A,"Amanda, André do Gás, Bruninho Almeida, Cacau Repórter, Caio Perfister, Calé, Dudu do Resgate, Diego Barbosa, Fabinho Filé, Fidel Faria, Igor Faraco, João Miguel, Luciano Santos, Márcia Valentim, Marcos Rangel, Maurício Lopes, Paulinho Nogueira, Totó, Vitinho Nogueira",video-hw1VWiNyI-0-ytranscript.txt
2025-08-21,268/2025,João Miguel,Não identificado,N/A,"Amanda, André do Gás, Bruninho Almeida, Cacau Repórter, Caio Perfister, Calé, Dudu do Resgate, Diego Barbosa, Fabinho Filé, Fidel Faria, Igor Faraco, João Miguel, Luciano Santos, Márcia Valentim, Marcos Rangel, Maurício Lopes, Paulinho Nogueira, Totó, Vitinho Nogueira",video-hw1VWiNyI-0-ytranscript.txt
2025-08-21,269/2025,Márcia Valentim,Não identificado,N/A,"Amanda, André do Gás, Bruninho Almeida, Cacau Repórter, Caio Perfister, Calé, Dudu do Resgate, Diego Barbosa, Fabinho Filé, Fidel Faria, Igor Faraco, João Miguel, Luciano Santos, Márcia Valentim, Marcos Rangel, Maurício Lopes, Paulinho Nogueira, Totó, Vitinho Nogueira",video-hw1VWiNyI-0-ytranscript.txt
2025-08-21,235/2025,Luciano Santos,Não identificado,N/A,"Amanda, André do Gás, Bruninho Almeida, Cacau Repórter, Caio Perfister, Calé, Dudu do Resgate, Diego Barbosa, Fabinho Filé, Fidel Faria, Igor Faraco, João Miguel, Luciano Santos, Márcia Valentim, Marcos Rangel, Maurício Lopes, Paulinho Nogueira, Totó, Vitinho Nogueira",video-hw1VWiNyI-0-ytranscript.txt
2025-08-21,273/2025,Amanda,Aprovado (Votação Simbólica),N/A,"Amanda, André do Gás, Bruninho Almeida, Cacau Repórter, Caio Perfister, Calé, Dudu do Resgate, Diego Barbosa, Fabinho Filé, Fidel Faria, Igor Faraco, João Miguel, Luciano Santos, Márcia Valentim, Marcos Rangel, Maurício Lopes, Paulinho Nogueira, Totó, Vitinho Nogueira",video-hw1VWiNyI-0-ytranscript.txt
2025-08-28,251/2025,João Miguel,Aprovado (Votação Simbólica),N/A,"Amanda, André do Gás, Cacau Repórter, Caio Perfister, Calé, Dudu do Resgate, Diego Barbosa, Fabinho Filé, Fidel Faria, Igor Faraco, João Miguel, Luciano Santos, Márcia Valentim, Marcos Rangel, Maurício Lopes, Paulinho Nogueira, Sandrinho, Vitinho Nogueira",video-NvLFdoGpLKk-ytranscript.txt
2025-08-28,248/2025,Calé,Aprovado (Votação Simbólica),N/A,"Amanda, André do Gás, Cacau Repórter, Caio Perfister, Calé, Dudu do Resgate, Diego Barbosa, Fabinho Filé, Fidel Faria, Igor Faraco, João Miguel, Luciano Santos, Márcia Valentim, Marcos Rangel, Maurício Lopes, Paulinho Nogueira, Sandrinho, Vitinho Nogueira",video-NvLFdoGpLKk-ytranscript.txt
2025-08-28,247/2025,Bruninho Almeida,Aprovado (Votação Simbólica),N/A,"Amanda, André do Gás, Cacau Repórter, Caio Perfister, Calé, Dudu do Resgate, Diego Barbosa, Fabinho Filé, Fidel Faria, Igor Faraco, João Miguel, Luciano Santos, Márcia Valentim, Marcos Rangel, Maurício Lopes, Paulinho Nogueira, Sandrinho, Vitinho Nogueira",video-NvLFdoGpLKk-ytranscript.txt
2025-08-28,253/2025,Sandrinho,Aprovado (Votação Simbólica),N/A,"Amanda, André do Gás, Cacau Repórter, Caio Perfister, Calé, Dudu do Resgate, Diego Barbosa, Fabinho Filé, Fidel Faria, Igor Faraco, João Miguel, Luciano Santos, Márcia Valentim, Marcos Rangel, Maurício Lopes, Paulinho Nogueira, Sandrinho, Vitinho Nogueira",video-NvLFdoGpLKk-ytranscript.txt
2025-08-28,252/2025,Luciano Santos,Aprovado (Votação Simbólica),N/A,"Amanda, André do Gás, Cacau Repórter, Caio Perfister, Calé, Dudu do Resgate, Diego Barbosa, Fabinho Filé, Fidel Faria, Igor Faraco, João Miguel, Luciano Santos, Márcia Valentim, Marcos Rangel, Maurício Lopes, Paulinho Nogueira, Sandrinho, Vitinho Nogueira",video-NvLFdoGpLKk-ytranscript.txt
2025-09-04,247/2025,Bruninho Almeida,Não identificado,N/A,Chamada não identificada,video-KlVAXPja2jI-ytranscript.txt
2025-09-04,236/2025,Caio Perfister,Não identificado,N/A,Chamada não identificada,video-KlVAXPja2jI-ytranscript.txt
2025-09-04,20/2025,Márcia Valentim,Não identificado,N/A,Chamada não identificada,video-KlVAXPja2jI-ytranscript.txt
2025-09-04,237/2025,Caio Perfister,Não identificado,N/A,Chamada não identificada,video-KlVAXPja2jI-ytranscript.txt
2025-09-04,226/2025,Caio Perfister,Não identificado,N/A,Chamada não identificada,video-KlVAXPja2jI-ytranscript.txt
2025-09-09,256/2025,Amanda,Não identificado,N/A,"Amanda, André do Gás, Bruninho Almeida, Cacau Repórter, Caio Perfister, Calé, Dudu do Resgate, Diego Barbosa, Fabinho Filé, Fidel Faria, Igor Faraco, João Miguel, Luciano Santos, Márcia Valentim, Marcos Rangel, Maurício Lopes, Paulinho Nogueira, Totó, Vitinho Nogueira",video-xdk6i0-UGno-ytranscript.txt
2025-09-09,271/2025,Luciano Santos,Aprovado (Votação Simbólica),N/A,"Amanda, André do Gás, Bruninho Almeida, Cacau Repórter, Caio Perfister, Calé, Dudu do Resgate, Diego Barbosa, Fabinho Filé, Fidel Faria, Igor Faraco, João Miguel, Luciano Santos, Márcia Valentim, Marcos Rangel, Maurício Lopes, Paulinho Nogueira, Totó, Vitinho Nogueira",video-xdk6i0-UGno-ytranscript.txt
2025-09-09,244/2025,Sandrinho,Não identificado,N/A,"Amanda, André do Gás, Bruninho Almeida, Cacau Repórter, Caio Perfister, Calé, Dudu do Resgate, Diego Barbosa, Fabinho Filé, Fidel Faria, Igor Faraco, João Miguel, Luciano Santos, Márcia Valentim, Marcos Rangel, Maurício Lopes, Paulinho Nogueira, Totó, Vitinho Nogueira",video-xdk6i0-UGno-ytranscript.txt
2025-09-09,243/2025,Luciano Santos,Não identificado,N/A,"Amanda, André do Gás, Bruninho Almeida, Cacau Repórter, Caio Perfister, Calé, Dudu do Resgate, Diego Barbosa, Fabinho Filé, Fidel Faria, Igor Faraco, João Miguel, Luciano Santos, Márcia Valentim, Marcos Rangel, Maurício Lopes, Paulinho Nogueira, Totó, Vitinho Nogueira",video-xdk6i0-UGno-ytranscript.txt
2025-09-09,235/2025,Luciano Santos,Não identificado,N/A,"Amanda, André do Gás, Bruninho Almeida, Cacau Repórter, Caio Perfister, Calé, Dudu do Resgate, Diego Barbosa, Fabinho Filé, Fidel Faria, Igor Faraco, João Miguel, Luciano Santos, Márcia Valentim, Marcos Rangel, Maurício Lopes, Paulinho Nogueira, Totó, Vitinho Nogueira",video-xdk6i0-UGno-ytranscript.txt
2025-09-09,218/2025,Caio Perfister,Não identificado,N/A,"Amanda, André do Gás, Bruninho Almeida, Cacau Repórter, Caio Perfister, Calé, Dudu do Resgate, Diego Barbosa, Fabinho Filé, Fidel Faria, Igor Faraco, João Miguel, Luciano Santos, Márcia Valentim, Marcos Rangel, Maurício Lopes, Paulinho Nogueira, Totó, Vitinho Nogueira",video-xdk6i0-UGno-ytranscript.txt
2025-09-09,212/2025,Caio Perfister,Não identificado,N/A,"Amanda, André do Gás, Bruninho Almeida, Cacau Repórter, Caio Perfister, Calé, Dudu do Resgate, Diego Barbosa, Fabinho Filé, Fidel Faria, Igor Faraco, João Miguel, Luciano Santos, Márcia Valentim, Marcos Rangel, Maurício Lopes, Paulinho Nogueira, Totó, Vitinho Nogueira",video-xdk6i0-UGno-ytranscript.txt
2025-09-09,211/2025,Fidel Faria,Não identificado,N/A,"Amanda, André do Gás, Bruninho Almeida, Cacau Repórter, Caio Perfister, Calé, Dudu do Resgate, Diego Barbosa, Fabinho Filé, Fidel Faria, Igor Faraco, João Miguel, Luciano Santos, Márcia Valentim, Marcos Rangel, Maurício Lopes, Paulinho Nogueira, Totó, Vitinho Nogueira",video-xdk6i0-UGno-ytranscript.txt
2025-09-09,247/2025,Bruninho Almeida,Não identificado,N/A,"Amanda, André do Gás, Bruninho Almeida, Cacau Repórter, Caio Perfister, Calé, Dudu do Resgate, Diego Barbosa, Fabinho Filé, Fidel Faria, Igor Faraco, João Miguel, Luciano Santos, Márcia Valentim, Marcos Rangel, Maurício Lopes, Paulinho Nogueira, Totó, Vitinho Nogueira",video-xdk6i0-UGno-ytranscript.txt
2025-09-09,236/2025,Luciano Santos,Não identificado,N/A,"Amanda, André do Gás, Bruninho Almeida, Cacau Repórter, Caio Perfister, Calé, Dudu do Resgate, Diego Barbosa, Fabinho Filé, Fidel Faria, Igor Faraco, João Miguel, Luciano Santos, Márcia Valentim, Marcos Rangel, Maurício Lopes, Paulinho Nogueira, Totó, Vitinho Nogueira",video-xdk6i0-UGno-ytranscript.txt
2025-09-09,246/2025,Totó,Não identificado,N/A,"Amanda, André do Gás, Bruninho Almeida, Cacau Repórter, Caio Perfister, Calé, Dudu do Resgate, Diego Barbosa, Fabinho Filé, Fidel Faria, Igor Faraco, João Miguel, Luciano Santos, Márcia Valentim, Marcos Rangel, Maurício Lopes, Paulinho Nogueira, Totó, Vitinho Nogueira",video-xdk6i0-UGno-ytranscript.txt
2025-09-09,215/2025,Fidel Faria,Não identificado,N/A,"Amanda, André do Gás, Bruninho Almeida, Cacau Repórter, Caio Perfister, Calé, Dudu do Resgate, Diego Barbosa, Fabinho Filé, Fidel Faria, Igor Faraco, João Miguel, Luciano Santos, Márcia Valentim, Marcos Rangel, Maurício Lopes, Paulinho Nogueira, Totó, Vitinho Nogueira",video-xdk6i0-UGno-ytranscript.txt
2025-09-09,267/2025,Caio Perfister,Aprovado (Votação Simbólica),N/A,"Amanda, André do Gás, Bruninho Almeida, Cacau Repórter, Caio Perfister, Calé, Dudu do Resgate, Diego Barbosa, Fabinho Filé, Fidel Faria, Igor Faraco, João Miguel, Luciano Santos, Márcia Valentim, Marcos Rangel, Maurício Lopes, Paulinho Nogueira, Totó, Vitinho Nogueira",video-xdk6i0-UGno-ytranscript.txt
2025-09-09,268/2025,Luciano Santos,Aprovado (Votação Simbólica),N/A,"Amanda, André do Gás, Bruninho Almeida, Cacau Repórter, Caio Perfister, Calé, Dudu do Resgate, Diego Barbosa, Fabinho Filé, Fidel Faria, Igor Faraco, João Miguel, Luciano Santos, Márcia Valentim, Marcos Rangel, Maurício Lopes, Paulinho Nogueira, Totó, Vitinho Nogueira",video-xdk6i0-UGno-ytranscript.txt
2025-09-09,269/2025,Luciano Santos,Aprovado (Votação Simbólica),N/A,"Amanda, André do Gás, Bruninho Almeida, Cacau Repórter, Caio Perfister, Calé, Dudu do Resgate, Diego Barbosa, Fabinho Filé, Fidel Faria, Igor Faraco, João Miguel, Luciano Santos, Márcia Valentim, Marcos Rangel, Maurício Lopes, Paulinho Nogueira, Totó, Vitinho Nogueira",video-xdk6i0-UGno-ytranscript.txt
2025-09-11,247/2025,Bruninho Almeida,Em Discussão,N/A,Chamada não identificada,video-3RdIXI6Cc18-ytranscript.txt
2025-09-11,218/2025,Caio Perfister,Não identificado,N/A,Chamada não identificada,video-3RdIXI6Cc18-ytranscript.txt
2025-09-11,244/2025,Sandrinho,Não identificado,N/A,Chamada não identificada,video-3RdIXI6Cc18-ytranscript.txt
2025-09-11,215/2025,Caio Perfister,Em Discussão,N/A,Chamada não identificada,video-3RdIXI6Cc18-ytranscript.txt
2025-09-11,236/2025,Caio Perfister,Em Discussão,N/A,Chamada não identificada,video-3RdIXI6Cc18-ytranscript.txt
2025-09-11,237/2025,Caio Perfister,Em Discussão,N/A,Chamada não identificada,video-3RdIXI6Cc18-ytranscript.txt
2025-09-11,212/2025,Caio Perfister,Não identificado,N/A,Chamada não identificada,video-3RdIXI6Cc18-ytranscript.txt
2025-09-20,248/2025,Calé,Não identificado,N/A,"Amanda, André do Gás, Bruninho Almeida, Cacau Repórter, Caio Perfister, Calé, Dudu do Resgate, Diego Barbosa, Fabinho Filé, Fidel Faria, Igor Faraco, João Miguel, Luciano Santos, Márcia Valentim, Marcos Rangel, Maurício Lopes, Paulinho Nogueira, Totó, Vitinho Nogueira",video-0XcCRwhO6Lw-ytranscript.txt
2025-09-20,252/2025,Luciano Santos,Não identificado,N/A,"Amanda, André do Gás, Bruninho Almeida, Cacau Repórter, Caio Perfister, Calé, Dudu do Resgate, Diego Barbosa, Fabinho Filé, Fidel Faria, Igor Faraco, João Miguel, Luciano Santos, Márcia Valentim, Marcos Rangel, Maurício Lopes, Paulinho Nogueira, Totó, Vitinho Nogueira",video-0XcCRwhO6Lw-ytranscript.txt
2025-09-20,253/2025,João Miguel,Não identificado,N/A,"Amanda, André do Gás, Bruninho Almeida, Cacau Repórter, Caio Perfister, Calé, Dudu do Resgate, Diego Barbosa, Fabinho Filé, Fidel Faria, Igor Faraco, João Miguel, Luciano Santos, Márcia Valentim, Marcos Rangel, Maurício Lopes, Paulinho Nogueira, Totó, Vitinho Nogueira",video-0XcCRwhO6Lw-ytranscript.txt
2025-09-20,268/2025,João Miguel,Não identificado,N/A,"Amanda, André do Gás, Bruninho Almeida, Cacau Repórter, Caio Perfister, Calé, Dudu do Resgate, Diego Barbosa, Fabinho Filé, Fidel Faria, Igor Faraco, João Miguel, Luciano Santos, Márcia Valentim, Marcos Rangel, Maurício Lopes, Paulinho Nogueira, Totó, Vitinho Nogueira",video-0XcCRwhO6Lw-ytranscript.txt
2025-09-20,269/2025,Sandrinho,Não identificado,N/A,"Amanda, André do Gás, Bruninho Almeida, Cacau Repórter, Caio Perfister, Calé, Dudu do Resgate, Diego Barbosa, Fabinho Filé, Fidel Faria, Igor Faraco, João Miguel, Luciano Santos, Márcia Valentim, Marcos Rangel, Maurício Lopes, Paulinho Nogueira, Totó, Vitinho Nogueira",video-0XcCRwhO6Lw-ytranscript.txt
2025-09-20,271/2025,Sandrinho,Aprovado (Votação Simbólica),N/A,"Amanda, André do Gás, Bruninho Almeida, Cacau Repórter, Caio Perfister, Calé, Dudu do Resgate, Diego Barbosa, Fabinho Filé, Fidel Faria, Igor Faraco, João Miguel, Luciano Santos, Márcia Valentim, Marcos Rangel, Maurício Lopes, Paulinho Nogueira, Totó, Vitinho Nogueira",video-0XcCRwhO6Lw-ytranscript.txt
2025-09-20,235/2025,Luciano Santos,Aprovado (Votação Simbólica),N/A,"Amanda, André do Gás, Bruninho Almeida, Cacau Repórter, Caio Perfister, Calé, Dudu do Resgate, Diego Barbosa, Fabinho Filé, Fidel Faria, Igor Faraco, João Miguel, Luciano Santos, Márcia Valentim, Marcos Rangel, Maurício Lopes, Paulinho Nogueira, Totó, Vitinho Nogueira",video-0XcCRwhO6Lw-ytranscript.txt
2025-09-20,230/2025,André do Gás,Não identificado,N/A,"Amanda, André do Gás, Bruninho Almeida, Cacau Repórter, Caio Perfister, Calé, Dudu do Resgate, Diego Barbosa, Fabinho Filé, Fidel Faria, Igor Faraco, João Miguel, Luciano Santos, Márcia Valentim, Marcos Rangel, Maurício Lopes, Paulinho Nogueira, Totó, Vitinho Nogueira",video-0XcCRwhO6Lw-ytranscript.txt
2025-09-23,278/2025,Caio Perfister,Encaminhado para Comissão,N/A,Chamada não identificada,video-LjyElyEboxw-ytranscript.txt
2025-09-23,281/2025,Sandrinho,Aprovado (Votação Simbólica),N/A,Chamada não identificada,video-LjyElyEboxw-ytranscript.txt
2025-09-23,280/2025,Paulinho Nogueira,Aprovado (Votação Simbólica),N/A,Chamada não identificada,video-LjyElyEboxw-ytranscript.txt
2025-09-30,224/2025,João Miguel,Não identificado,N/A,Chamada não identificada,video-BsSgj42_sG4-ytranscript.txt
2025-09-30,263/2025,Marcos Rangel,Não identificado,N/A,Chamada não identificada,video-BsSgj42_sG4-ytranscript.txt
2025-09-30,266/2025,Amanda,Não identificado,N/A,Chamada não identificada,video-BsSgj42_sG4-ytranscript.txt
2025-09-30,268/2025,João Miguel,Não identificado,N/A,Chamada não identificada,video-BsSgj42_sG4-ytranscript.txt
2025-10-02,224/2025,João Miguel,Não identificado,N/A,"Amanda, André do Gás, Bruninho Almeida, Cacau Repórter, Caio Perfister, Calé, Dudu do Resgate, Diego Barbosa, Fabinho Filé, Fidel Faria, Igor Faraco, João Miguel, Luciano Santos, Márcia Valentim, Marcos Rangel, Maurício Lopes, Paulinho Nogueira, Totó, Vitinho Nogueira",video-yRqYIIqD_9M-ytranscript.txt
2025-10-02,263/2025,Marcos Rangel,Não identificado,N/A,"Amanda, André do Gás, Bruninho Almeida, Cacau Repórter, Caio Perfister, Calé, Dudu do Resgate, Diego Barbosa, Fabinho Filé, Fidel Faria, Igor Faraco, João Miguel, Luciano Santos, Márcia Valentim, Marcos Rangel, Maurício Lopes, Paulinho Nogueira, Totó, Vitinho Nogueira",video-yRqYIIqD_9M-ytranscript.txt
2025-10-02,266/2025,Amanda,Não identificado,N/A,"Amanda, André do Gás, Bruninho Almeida, Cacau Repórter, Caio Perfister, Calé, Dudu do Resgate, Diego Barbosa, Fabinho Filé, Fidel Faria, Igor Faraco, João Miguel, Luciano Santos, Márcia Valentim, Marcos Rangel, Maurício Lopes, Paulinho Nogueira, Totó, Vitinho Nogueira",video-yRqYIIqD_9M-ytranscript.txt
2025-10-02,248/2025,Calé,Não identificado,N/A,"Amanda, André do Gás, Bruninho Almeida, Cacau Repórter, Caio Perfister, Calé, Dudu do Resgate, Diego Barbosa, Fabinho Filé, Fidel Faria, Igor Faraco, João Miguel, Luciano Santos, Márcia Valentim, Marcos Rangel, Maurício Lopes, Paulinho Nogueira, Totó, Vitinho Nogueira",video-yRqYIIqD_9M-ytranscript.txt
2025-10-02,253/2025,João Miguel,Em Discussão,N/A,"Amanda, André do Gás, Bruninho Almeida, Cacau Repórter, Caio Perfister, Calé, Dudu do Resgate, Diego Barbosa, Fabinho Filé, Fidel Faria, Igor Faraco, João Miguel, Luciano Santos, Márcia Valentim, Marcos Rangel, Maurício Lopes, Paulinho Nogueira, Totó, Vitinho Nogueira",video-yRqYIIqD_9M-ytranscript.txt
2025-10-02,268/2025,João Miguel,Em Discussão,N/A,"Amanda, André do Gás, Bruninho Almeida, Cacau Repórter, Caio Perfister, Calé, Dudu do Resgate, Diego Barbosa, Fabinho Filé, Fidel Faria, Igor Faraco, João Miguel, Luciano Santos, Márcia Valentim, Marcos Rangel, Maurício Lopes, Paulinho Nogueira, Totó, Vitinho Nogueira",video-yRqYIIqD_9M-ytranscript.txt
2025-10-02,269/2025,Luciano Santos,Em Discussão,N/A,"Amanda, André do Gás, Bruninho Almeida, Cacau Repórter, Caio Perfister, Calé, Dudu do Resgate, Diego Barbosa, Fabinho Filé, Fidel Faria, Igor Faraco, João Miguel, Luciano Santos, Márcia Valentim, Marcos Rangel, Maurício Lopes, Paulinho Nogueira, Totó, Vitinho Nogueira",video-yRqYIIqD_9M-ytranscript.txt
2025-10-02,099/2025,André do Gás,Não identificado,N/A,"Amanda, André do Gás, Bruninho Almeida, Cacau Repórter, Caio Perfister, Calé, Dudu do Resgate, Diego Barbosa, Fabinho Filé, Fidel Faria, Igor Faraco, João Miguel, Luciano Santos, Márcia Valentim, Marcos Rangel, Maurício Lopes, Paulinho Nogueira, Totó, Vitinho Nogueira",video-yRqYIIqD_9M-ytranscript.txt
2025-10-02,281/2025,Luciano Santos,Não identificado,N/A,"Amanda, André do Gás, Bruninho Almeida, Cacau Repórter, Caio Perfister, Calé, Dudu do Resgate, Diego Barbosa, Fabinho Filé, Fidel Faria, Igor Faraco, João Miguel, Luciano Santos, Márcia Valentim, Marcos Rangel, Maurício Lopes, Paulinho Nogueira, Totó, Vitinho Nogueira",video-yRqYIIqD_9M-ytranscript.txt
